vehicle_id;canonical_field;source_file;source_xpath;transformation;source_unit;output_unit;raw_value;output_value;status
737;/Product/Identity/ProductId;;;derive:vehicle_id;;;;737;ok
737;/Product/Identity/Name;aircraft/737/737.xml;/fdm_config/@name;trim;;;737;737;ok
737;/Product/Identity/Category;;;derive:category_override;;;;aircraft;ok
737;/Product/Identity/Description;aircraft/737/737.xml;/fdm_config/fileheader/description/text();trim;;;Models a Boeing 737.;Models a Boeing 737.;ok
737;/Product/Dimensions/WingArea;aircraft/737/737.xml;/fdm_config/metrics/wingarea/text();unit_convert(FT2->M2);FT2;M2;1171.00;108.78946;ok
737;/Product/Dimensions/WingSpan;aircraft/737/737.xml;/fdm_config/metrics/wingspan/text();unit_convert(FT->M);FT;M;94.70;28.86456;ok
737;/Product/Dimensions/Chord;aircraft/737/737.xml;/fdm_config/metrics/chord/text();unit_convert(FT->M);FT;M;12.31;3.752088;ok
737;/Product/Dimensions/HorizontalTailArea;aircraft/737/737.xml;/fdm_config/metrics/htailarea/text();unit_convert(FT2->M2);FT2;M2;348.00;32.330258;ok
737;/Product/Dimensions/VerticalTailArea;aircraft/737/737.xml;/fdm_config/metrics/vtailarea/text();unit_convert(FT2->M2);FT2;M2;297.00;27.592203;ok
737;/Product/Mass/EmptyWeight;aircraft/737/737.xml;/fdm_config/mass_balance/emptywt/text();unit_convert(LBS->KG);LBS;KG;83000;37648.16671;ok
737;/Product/Mass/MomentOfInertia/Ixx;aircraft/737/737.xml;/fdm_config/mass_balance/ixx/text();unit_convert(SLUG*FT2->KG*M2);SLUG*FT2;KG*M2;562000;761969.6879;ok
737;/Product/Mass/MomentOfInertia/Iyy;aircraft/737/737.xml;/fdm_config/mass_balance/iyy/text();unit_convert(SLUG*FT2->KG*M2);SLUG*FT2;KG*M2;1.473e+06;1997119.84035;ok
737;/Product/Mass/MomentOfInertia/Izz;aircraft/737/737.xml;/fdm_config/mass_balance/izz/text();unit_convert(SLUG*FT2->KG*M2);SLUG*FT2;KG*M2;1.894e+06;2567919.1973;ok
737;/Product/Mass/CenterOfGravity/x;aircraft/737/737.xml;/fdm_config/mass_balance/location[@name='CG']/x/text();unit_convert(IN->M);IN;M;639;16.2306;ok
737;/Product/Mass/CenterOfGravity/y;aircraft/737/737.xml;/fdm_config/mass_balance/location[@name='CG']/y/text();unit_convert(IN->M);IN;M;0;0.0;ok
737;/Product/Mass/CenterOfGravity/z;aircraft/737/737.xml;/fdm_config/mass_balance/location[@name='CG']/z/text();unit_convert(IN->M);IN;M;-40;-1.016;ok
737;/Product/PerformanceData/HasAerodynamicsModel;aircraft/737/737.xml;boolean(/fdm_config/aerodynamics);direct;;;true;True;ok
737;/Product/PerformanceData/AxisCount;aircraft/737/737.xml;count(/fdm_config/aerodynamics/axis);direct;;;6.0;6;ok
737;/Product/PerformanceData/FunctionCount;aircraft/737/737.xml;count(/fdm_config/aerodynamics//function);direct;;;29.0;29;ok
737;/Product/PerformanceData/AlphaLimits/Min;aircraft/737/737.xml;/fdm_config/aerodynamics/alphalimits/min/text();direct;;;;;missing_optional
737;/Product/PerformanceData/AlphaLimits/Max;aircraft/737/737.xml;/fdm_config/aerodynamics/alphalimits/max/text();direct;;;;;missing_optional
737;/Product/SourceMetadata/SourceFormat;;;constant;;;;JSBSim-ML;ok
737;/Product/SourceMetadata/SourceRepository;;;constant;;;;https://github.com/JSBSim-Team/jsbsim;ok
737;/Product/SourceMetadata/SourceCommit;;;constant;;;;506773ad3790a5a621445631613faf51a15284e7;ok
737;/Product/SourceMetadata/SourceMasterFile;;;derive:source_master_path;;;;aircraft/737/737.xml;ok
737;/Product/SourceMetadata/License;;;constant;;;;"LGPL-2.1 (depot JSBSim) ; donnees de simulation, non certifiees constructeur ; voir datasets/jsbsim_reference/README.md";ok
737;/Product/SourceMetadata/ExtractedAt;;;derive:run_timestamp;;;;2026-09-12T22:28:57+00:00;ok
737;/Product/SourceMetadata/ResolutionStatus;;;derive:resolution_status;;;;complete;ok
737;/Product/Propulsion/Engine[0]/Model;aircraft/737/737.xml;@file;direct;;;CFM56;CFM56;ok
737;/Product/Propulsion/Engine[0]/Type;engine/CFM56.xml;local-name(/*);lookup(engine_type_enum);;;turbine_engine;turbine;ok
737;/Product/Propulsion/Engine[0]/ThrusterModel;aircraft/737/737.xml;thruster/@file;direct;;;direct;direct;ok
737;/Product/Propulsion/Engine[0]/ThrusterType;engine/direct.xml;local-name(/*);lookup(thruster_type_enum);;;direct;direct;ok
737;/Product/Propulsion/Engine[0]/SourceFile;aircraft/737/737.xml;@file;resolve_ref->path;;;CFM56;engine/CFM56.xml;ok
737;/Product/Propulsion/Engine[1]/Model;aircraft/737/737.xml;@file;direct;;;CFM56;CFM56;ok
737;/Product/Propulsion/Engine[1]/Type;engine/CFM56.xml;local-name(/*);lookup(engine_type_enum);;;turbine_engine;turbine;ok
737;/Product/Propulsion/Engine[1]/ThrusterModel;aircraft/737/737.xml;thruster/@file;direct;;;direct;direct;ok
737;/Product/Propulsion/Engine[1]/ThrusterType;engine/direct.xml;local-name(/*);lookup(thruster_type_enum);;;direct;direct;ok
737;/Product/Propulsion/Engine[1]/SourceFile;aircraft/737/737.xml;@file;resolve_ref->path;;;CFM56;engine/CFM56.xml;ok
737;/Product/FuelStorage/Tank[0]/FuelType;aircraft/737/737.xml;type/text();direct;;;JET-A;JET-A;ok
737;/Product/FuelStorage/Tank[0]/Capacity;aircraft/737/737.xml;capacity/text();unit_convert(LBS->KG);LBS;KG;10200;4626.642174;ok
737;/Product/FuelStorage/Tank[0]/Contents;aircraft/737/737.xml;contents/text();unit_convert(LBS->KG);LBS;KG;10000;4535.9237;ok
737;/Product/FuelStorage/Tank[1]/FuelType;aircraft/737/737.xml;type/text();direct;;;JET-A;JET-A;ok
737;/Product/FuelStorage/Tank[1]/Capacity;aircraft/737/737.xml;capacity/text();unit_convert(LBS->KG);LBS;KG;10200;4626.642174;ok
737;/Product/FuelStorage/Tank[1]/Contents;aircraft/737/737.xml;contents/text();unit_convert(LBS->KG);LBS;KG;10000;4535.9237;ok
737;/Product/FuelStorage/Tank[2]/FuelType;aircraft/737/737.xml;type/text();direct;;;JET-A;JET-A;ok
737;/Product/FuelStorage/Tank[2]/Capacity;aircraft/737/737.xml;capacity/text();unit_convert(LBS->KG);LBS;KG;15000;6803.88555;ok
737;/Product/FuelStorage/Tank[2]/Contents;aircraft/737/737.xml;contents/text();unit_convert(LBS->KG);LBS;KG;4000;1814.36948;ok
737;/Product/ContactPoints/ContactPoint[0]/Name;aircraft/737/737.xml;@name;direct;;;Nose Gear;Nose Gear;ok
737;/Product/ContactPoints/ContactPoint[0]/Type;aircraft/737/737.xml;@type;direct;;;BOGEY;BOGEY;ok
737;/Product/ContactPoints/ContactPoint[0]/Retractable;aircraft/737/737.xml;retractable/text();direct;;;1;True;ok
737;/Product/ContactPoints/ContactPoint[1]/Name;aircraft/737/737.xml;@name;direct;;;Left Main Gear;Left Main Gear;ok
737;/Product/ContactPoints/ContactPoint[1]/Type;aircraft/737/737.xml;@type;direct;;;BOGEY;BOGEY;ok
737;/Product/ContactPoints/ContactPoint[1]/Retractable;aircraft/737/737.xml;retractable/text();direct;;;1;True;ok
737;/Product/ContactPoints/ContactPoint[2]/Name;aircraft/737/737.xml;@name;direct;;;Right Main Gear;Right Main Gear;ok
737;/Product/ContactPoints/ContactPoint[2]/Type;aircraft/737/737.xml;@type;direct;;;BOGEY;BOGEY;ok
737;/Product/ContactPoints/ContactPoint[2]/Retractable;aircraft/737/737.xml;retractable/text();direct;;;1;True;ok
737;/Product/Systems/System[0]/Name;aircraft/737/737.xml;@name;direct;;;FCS: 737;FCS: 737;ok
737;/Product/Systems/System[0]/Kind;aircraft/737/737.xml;local-name(.);direct;;;flight_control;flight_control;ok
737;/Product/Systems/System[0]/SourceFile;aircraft/737/737.xml;@file;direct;;;;;missing_optional
A320;/Product/Identity/ProductId;;;derive:vehicle_id;;;;A320;ok
A320;/Product/Identity/Name;aircraft/A320/A320.xml;/fdm_config/@name;trim;;;A320-200;A320-200;ok
A320;/Product/Identity/Category;;;derive:category_override;;;;aircraft;ok
A320;/Product/Identity/Description;aircraft/A320/A320.xml;/fdm_config/fileheader/description/text();trim;;;Airbus A320;Airbus A320;ok
A320;/Product/Dimensions/WingArea;aircraft/A320/A320.xml;/fdm_config/metrics/wingarea/text();unit_convert(FT2->M2);FT2;M2;1317;122.353304;ok
A320;/Product/Dimensions/WingSpan;aircraft/A320/A320.xml;/fdm_config/metrics/wingspan/text();unit_convert(FT->M);FT;M;111.3;33.92424;ok
A320;/Product/Dimensions/Chord;aircraft/A320/A320.xml;/fdm_config/metrics/chord/text();unit_convert(FT->M);FT;M;14.1;4.29768;ok
A320;/Product/Dimensions/HorizontalTailArea;aircraft/A320/A320.xml;/fdm_config/metrics/htailarea/text();unit_convert(FT2->M2);FT2;M2;333.6;30.992454;ok
A320;/Product/Dimensions/VerticalTailArea;aircraft/A320/A320.xml;/fdm_config/metrics/vtailarea/text();unit_convert(FT2->M2);FT2;M2;231.3;21.488473;ok
A320;/Product/Mass/EmptyWeight;aircraft/A320/A320.xml;/fdm_config/mass_balance/emptywt/text();unit_convert(LBS->KG);LBS;KG;111000;50348.75307;ok
A320;/Product/Mass/MomentOfInertia/Ixx;aircraft/A320/A320.xml;/fdm_config/mass_balance/ixx/text();unit_convert(SLUG*FT2->KG*M2);SLUG*FT2;KG*M2;942877;1278369.561242;ok
A320;/Product/Mass/MomentOfInertia/Iyy;aircraft/A320/A320.xml;/fdm_config/mass_balance/iyy/text();unit_convert(SLUG*FT2->KG*M2);SLUG*FT2;KG*M2;2.78892e+06;3781267.797114;ok
A320;/Product/Mass/MomentOfInertia/Izz;aircraft/A320/A320.xml;/fdm_config/mass_balance/izz/text();unit_convert(SLUG*FT2->KG*M2);SLUG*FT2;KG*M2;3.59757e+06;4877649.982382;ok
A320;/Product/Mass/CenterOfGravity/x;aircraft/A320/A320.xml;/fdm_config/mass_balance/location[@name='CG']/x/text();unit_convert(IN->M);IN;M;672;17.0688;ok
A320;/Product/Mass/CenterOfGravity/y;aircraft/A320/A320.xml;/fdm_config/mass_balance/location[@name='CG']/y/text();unit_convert(IN->M);IN;M;0;0.0;ok
A320;/Product/Mass/CenterOfGravity/z;aircraft/A320/A320.xml;/fdm_config/mass_balance/location[@name='CG']/z/text();unit_convert(IN->M);IN;M;-40;-1.016;ok
A320;/Product/PerformanceData/HasAerodynamicsModel;aircraft/A320/A320.xml;boolean(/fdm_config/aerodynamics);direct;;;true;True;ok
A320;/Product/PerformanceData/AxisCount;aircraft/A320/A320.xml;count(/fdm_config/aerodynamics/axis);direct;;;6.0;6;ok
A320;/Product/PerformanceData/FunctionCount;aircraft/A320/A320.xml;count(/fdm_config/aerodynamics//function);direct;;;22.0;22;ok
A320;/Product/PerformanceData/AlphaLimits/Min;aircraft/A320/A320.xml;/fdm_config/aerodynamics/alphalimits/min/text();direct;;;;;missing_optional
A320;/Product/PerformanceData/AlphaLimits/Max;aircraft/A320/A320.xml;/fdm_config/aerodynamics/alphalimits/max/text();direct;;;;;missing_optional
A320;/Product/SourceMetadata/SourceFormat;;;constant;;;;JSBSim-ML;ok
A320;/Product/SourceMetadata/SourceRepository;;;constant;;;;https://github.com/JSBSim-Team/jsbsim;ok
A320;/Product/SourceMetadata/SourceCommit;;;constant;;;;506773ad3790a5a621445631613faf51a15284e7;ok
A320;/Product/SourceMetadata/SourceMasterFile;;;derive:source_master_path;;;;aircraft/A320/A320.xml;ok
A320;/Product/SourceMetadata/License;;;constant;;;;"LGPL-2.1 (depot JSBSim) ; donnees de simulation, non certifiees constructeur ; voir datasets/jsbsim_reference/README.md";ok
A320;/Product/SourceMetadata/ExtractedAt;;;derive:run_timestamp;;;;2026-09-12T22:28:57+00:00;ok
A320;/Product/SourceMetadata/ResolutionStatus;;;derive:resolution_status;;;;complete;ok
A320;/Product/Propulsion/Engine[0]/Model;aircraft/A320/A320.xml;@file;direct;;;CFM56_5;CFM56_5;ok
A320;/Product/Propulsion/Engine[0]/Type;engine/CFM56_5.xml;local-name(/*);lookup(engine_type_enum);;;turbine_engine;turbine;ok
A320;/Product/Propulsion/Engine[0]/ThrusterModel;aircraft/A320/A320.xml;thruster/@file;direct;;;direct;direct;ok
A320;/Product/Propulsion/Engine[0]/ThrusterType;engine/direct.xml;local-name(/*);lookup(thruster_type_enum);;;direct;direct;ok
A320;/Product/Propulsion/Engine[0]/SourceFile;aircraft/A320/A320.xml;@file;resolve_ref->path;;;CFM56_5;engine/CFM56_5.xml;ok
A320;/Product/Propulsion/Engine[1]/Model;aircraft/A320/A320.xml;@file;direct;;;CFM56_5;CFM56_5;ok
A320;/Product/Propulsion/Engine[1]/Type;engine/CFM56_5.xml;local-name(/*);lookup(engine_type_enum);;;turbine_engine;turbine;ok
A320;/Product/Propulsion/Engine[1]/ThrusterModel;aircraft/A320/A320.xml;thruster/@file;direct;;;direct;direct;ok
A320;/Product/Propulsion/Engine[1]/ThrusterType;engine/direct.xml;local-name(/*);lookup(thruster_type_enum);;;direct;direct;ok
A320;/Product/Propulsion/Engine[1]/SourceFile;aircraft/A320/A320.xml;@file;resolve_ref->path;;;CFM56_5;engine/CFM56_5.xml;ok
A320;/Product/FuelStorage/Tank[0]/FuelType;aircraft/A320/A320.xml;type/text();direct;;;;;missing_optional
A320;/Product/FuelStorage/Tank[0]/Capacity;aircraft/A320/A320.xml;capacity/text();unit_convert(LBS->KG);LBS;KG;23940;10859.001338;ok
A320;/Product/FuelStorage/Tank[0]/Contents;aircraft/A320/A320.xml;contents/text();unit_convert(LBS->KG);LBS;KG;15000;6803.88555;ok
A320;/Product/FuelStorage/Tank[1]/FuelType;aircraft/A320/A320.xml;type/text();direct;;;;;missing_optional
A320;/Product/FuelStorage/Tank[1]/Capacity;aircraft/A320/A320.xml;capacity/text();unit_convert(LBS->KG);LBS;KG;23940;10859.001338;ok
A320;/Product/FuelStorage/Tank[1]/Contents;aircraft/A320/A320.xml;contents/text();unit_convert(LBS->KG);LBS;KG;15000;6803.88555;ok
A320;/Product/ContactPoints/ContactPoint[0]/Name;aircraft/A320/A320.xml;@name;direct;;;NOSE_LG;NOSE_LG;ok
A320;/Product/ContactPoints/ContactPoint[0]/Type;aircraft/A320/A320.xml;@type;direct;;;BOGEY;BOGEY;ok
A320;/Product/ContactPoints/ContactPoint[0]/Retractable;aircraft/A320/A320.xml;retractable/text();direct;;;1;True;ok
A320;/Product/ContactPoints/ContactPoint[1]/Name;aircraft/A320/A320.xml;@name;direct;;;LEFT_MLG;LEFT_MLG;ok
A320;/Product/ContactPoints/ContactPoint[1]/Type;aircraft/A320/A320.xml;@type;direct;;;BOGEY;BOGEY;ok
A320;/Product/ContactPoints/ContactPoint[1]/Retractable;aircraft/A320/A320.xml;retractable/text();direct;;;1;True;ok
A320;/Product/ContactPoints/ContactPoint[2]/Name;aircraft/A320/A320.xml;@name;direct;;;RIGHT_MLG;RIGHT_MLG;ok
A320;/Product/ContactPoints/ContactPoint[2]/Type;aircraft/A320/A320.xml;@type;direct;;;BOGEY;BOGEY;ok
A320;/Product/ContactPoints/ContactPoint[2]/Retractable;aircraft/A320/A320.xml;retractable/text();direct;;;1;True;ok
A320;/Product/ContactPoints/ContactPoint[3]/Name;aircraft/A320/A320.xml;@name;direct;;;TAIL_1;TAIL_1;ok
A320;/Product/ContactPoints/ContactPoint[3]/Type;aircraft/A320/A320.xml;@type;direct;;;BOGEY;BOGEY;ok
A320;/Product/ContactPoints/ContactPoint[3]/Retractable;aircraft/A320/A320.xml;retractable/text();direct;;;0;False;ok
A320;/Product/ContactPoints/ContactPoint[4]/Name;aircraft/A320/A320.xml;@name;direct;;;ENG_1;ENG_1;ok
A320;/Product/ContactPoints/ContactPoint[4]/Type;aircraft/A320/A320.xml;@type;direct;;;BOGEY;BOGEY;ok
A320;/Product/ContactPoints/ContactPoint[4]/Retractable;aircraft/A320/A320.xml;retractable/text();direct;;;0;False;ok
A320;/Product/ContactPoints/ContactPoint[5]/Name;aircraft/A320/A320.xml;@name;direct;;;ENG_2;ENG_2;ok
A320;/Product/ContactPoints/ContactPoint[5]/Type;aircraft/A320/A320.xml;@type;direct;;;BOGEY;BOGEY;ok
A320;/Product/ContactPoints/ContactPoint[5]/Retractable;aircraft/A320/A320.xml;retractable/text();direct;;;0;False;ok
A320;/Product/ContactPoints/ContactPoint[6]/Name;aircraft/A320/A320.xml;@name;direct;;;WING_TIP_1;WING_TIP_1;ok
A320;/Product/ContactPoints/ContactPoint[6]/Type;aircraft/A320/A320.xml;@type;direct;;;BOGEY;BOGEY;ok
A320;/Product/ContactPoints/ContactPoint[6]/Retractable;aircraft/A320/A320.xml;retractable/text();direct;;;0;False;ok
A320;/Product/ContactPoints/ContactPoint[7]/Name;aircraft/A320/A320.xml;@name;direct;;;WING_TIP_2;WING_TIP_2;ok
A320;/Product/ContactPoints/ContactPoint[7]/Type;aircraft/A320/A320.xml;@type;direct;;;BOGEY;BOGEY;ok
A320;/Product/ContactPoints/ContactPoint[7]/Retractable;aircraft/A320/A320.xml;retractable/text();direct;;;0;False;ok
A320;/Product/ContactPoints/ContactPoint[8]/Name;aircraft/A320/A320.xml;@name;direct;;;NOSE_TIP;NOSE_TIP;ok
A320;/Product/ContactPoints/ContactPoint[8]/Type;aircraft/A320/A320.xml;@type;direct;;;BOGEY;BOGEY;ok
A320;/Product/ContactPoints/ContactPoint[8]/Retractable;aircraft/A320/A320.xml;retractable/text();direct;;;0;False;ok
A320;/Product/ContactPoints/ContactPoint[9]/Name;aircraft/A320/A320.xml;@name;direct;;;NOSE_TOP;NOSE_TOP;ok
A320;/Product/ContactPoints/ContactPoint[9]/Type;aircraft/A320/A320.xml;@type;direct;;;BOGEY;BOGEY;ok
A320;/Product/ContactPoints/ContactPoint[9]/Retractable;aircraft/A320/A320.xml;retractable/text();direct;;;0;False;ok
A320;/Product/ContactPoints/ContactPoint[10]/Name;aircraft/A320/A320.xml;@name;direct;;;TAIL_TOP;TAIL_TOP;ok
A320;/Product/ContactPoints/ContactPoint[10]/Type;aircraft/A320/A320.xml;@type;direct;;;BOGEY;BOGEY;ok
A320;/Product/ContactPoints/ContactPoint[10]/Retractable;aircraft/A320/A320.xml;retractable/text();direct;;;0;False;ok
A320;/Product/ContactPoints/ContactPoint[11]/Name;aircraft/A320/A320.xml;@name;direct;;;TAIL_TIP;TAIL_TIP;ok
A320;/Product/ContactPoints/ContactPoint[11]/Type;aircraft/A320/A320.xml;@type;direct;;;BOGEY;BOGEY;ok
A320;/Product/ContactPoints/ContactPoint[11]/Retractable;aircraft/A320/A320.xml;retractable/text();direct;;;0;False;ok
A320;/Product/Systems/System[0]/Name;aircraft/A320/A320.xml;@name;direct;;;FCS: A320;FCS: A320;ok
A320;/Product/Systems/System[0]/Kind;aircraft/A320/A320.xml;local-name(.);direct;;;flight_control;flight_control;ok
A320;/Product/Systems/System[0]/SourceFile;aircraft/A320/A320.xml;@file;direct;;;;;missing_optional
C130;/Product/Identity/ProductId;;;derive:vehicle_id;;;;C130;ok
C130;/Product/Identity/Name;aircraft/C130/C130.xml;/fdm_config/@name;trim;;;C130;C130;ok
C130;/Product/Identity/Category;;;derive:category_override;;;;aircraft;ok
C130;/Product/Identity/Description;aircraft/C130/C130.xml;/fdm_config/fileheader/description/text();trim;;;Models a Lockheed C-130 Hercules.;Models a Lockheed C-130 Hercules.;ok
C130;/Product/Dimensions/WingArea;aircraft/C130/C130.xml;/fdm_config/metrics/wingarea/text();unit_convert(FT2->M2);FT2;M2;3070.18;285.229055;ok
C130;/Product/Dimensions/WingSpan;aircraft/C130/C130.xml;/fdm_config/metrics/wingspan/text();unit_convert(FT->M);FT;M;132.5;40.386;ok
C130;/Product/Dimensions/Chord;aircraft/C130/C130.xml;/fdm_config/metrics/chord/text();unit_convert(FT->M);FT;M;23.17;7.062216;ok
C130;/Product/Dimensions/HorizontalTailArea;aircraft/C130/C130.xml;/fdm_config/metrics/htailarea/text();unit_convert(FT2->M2);FT2;M2;491.23;45.63676;ok
C130;/Product/Dimensions/VerticalTailArea;aircraft/C130/C130.xml;/fdm_config/metrics/vtailarea/text();unit_convert(FT2->M2);FT2;M2;552.63;51.341007;ok
C130;/Product/Mass/EmptyWeight;aircraft/C130/C130.xml;/fdm_config/mass_balance/emptywt/text();unit_convert(LBS->KG);LBS;KG;105000;47627.19885;ok
C130;/Product/Mass/MomentOfInertia/Ixx;aircraft/C130/C130.xml;/fdm_config/mass_balance/ixx/text();unit_convert(SLUG*FT2->KG*M2);SLUG*FT2;KG*M2;3.66391e+06;4967594.945184;ok
C130;/Product/Mass/MomentOfInertia/Iyy;aircraft/C130/C130.xml;/fdm_config/mass_balance/iyy/text();unit_convert(SLUG*FT2->KG*M2);SLUG*FT2;KG*M2;2.38552e+06;3234330.836084;ok
C130;/Product/Mass/MomentOfInertia/Izz;aircraft/C130/C130.xml;/fdm_config/mass_balance/izz/text();unit_convert(SLUG*FT2->KG*M2);SLUG*FT2;KG*M2;5.9669e+06;8090030.125855;ok
C130;/Product/Mass/CenterOfGravity/x;aircraft/C130/C130.xml;/fdm_config/mass_balance/location[@name='CG']/x/text();unit_convert(IN->M);IN;M;586.5;14.8971;ok
C130;/Product/Mass/CenterOfGravity/y;aircraft/C130/C130.xml;/fdm_config/mass_balance/location[@name='CG']/y/text();unit_convert(IN->M);IN;M;0;0.0;ok
C130;/Product/Mass/CenterOfGravity/z;aircraft/C130/C130.xml;/fdm_config/mass_balance/location[@name='CG']/z/text();unit_convert(IN->M);IN;M;-29.3;-0.74422;ok
C130;/Product/PerformanceData/HasAerodynamicsModel;aircraft/C130/C130.xml;boolean(/fdm_config/aerodynamics);direct;;;true;True;ok
C130;/Product/PerformanceData/AxisCount;aircraft/C130/C130.xml;count(/fdm_config/aerodynamics/axis);direct;;;6.0;6;ok
C130;/Product/PerformanceData/FunctionCount;aircraft/C130/C130.xml;count(/fdm_config/aerodynamics//function);direct;;;26.0;26;ok
C130;/Product/PerformanceData/AlphaLimits/Min;aircraft/C130/C130.xml;/fdm_config/aerodynamics/alphalimits/min/text();direct;;;;;missing_optional
C130;/Product/PerformanceData/AlphaLimits/Max;aircraft/C130/C130.xml;/fdm_config/aerodynamics/alphalimits/max/text();direct;;;;;missing_optional
C130;/Product/SourceMetadata/SourceFormat;;;constant;;;;JSBSim-ML;ok
C130;/Product/SourceMetadata/SourceRepository;;;constant;;;;https://github.com/JSBSim-Team/jsbsim;ok
C130;/Product/SourceMetadata/SourceCommit;;;constant;;;;506773ad3790a5a621445631613faf51a15284e7;ok
C130;/Product/SourceMetadata/SourceMasterFile;;;derive:source_master_path;;;;aircraft/C130/C130.xml;ok
C130;/Product/SourceMetadata/License;;;constant;;;;"LGPL-2.1 (depot JSBSim) ; donnees de simulation, non certifiees constructeur ; voir datasets/jsbsim_reference/README.md";ok
C130;/Product/SourceMetadata/ExtractedAt;;;derive:run_timestamp;;;;2026-09-12T22:28:57+00:00;ok
C130;/Product/SourceMetadata/ResolutionStatus;;;derive:resolution_status;;;;complete;ok
C130;/Product/Propulsion/Engine[0]/Model;aircraft/C130/C130.xml;@file;direct;;;t56;t56;ok
C130;/Product/Propulsion/Engine[0]/Type;engine/t56.xml;local-name(/*);lookup(engine_type_enum);;;turbine_engine;turbine;ok
C130;/Product/Propulsion/Engine[0]/ThrusterModel;aircraft/C130/C130.xml;thruster/@file;direct;;;t56_prop;t56_prop;ok
C130;/Product/Propulsion/Engine[0]/ThrusterType;engine/t56_prop.xml;local-name(/*);lookup(thruster_type_enum);;;propeller;propeller;ok
C130;/Product/Propulsion/Engine[0]/SourceFile;aircraft/C130/C130.xml;@file;resolve_ref->path;;;t56;engine/t56.xml;ok
C130;/Product/Propulsion/Engine[1]/Model;aircraft/C130/C130.xml;@file;direct;;;t56;t56;ok
C130;/Product/Propulsion/Engine[1]/Type;engine/t56.xml;local-name(/*);lookup(engine_type_enum);;;turbine_engine;turbine;ok
C130;/Product/Propulsion/Engine[1]/ThrusterModel;aircraft/C130/C130.xml;thruster/@file;direct;;;t56_prop;t56_prop;ok
C130;/Product/Propulsion/Engine[1]/ThrusterType;engine/t56_prop.xml;local-name(/*);lookup(thruster_type_enum);;;propeller;propeller;ok
C130;/Product/Propulsion/Engine[1]/SourceFile;aircraft/C130/C130.xml;@file;resolve_ref->path;;;t56;engine/t56.xml;ok
C130;/Product/Propulsion/Engine[2]/Model;aircraft/C130/C130.xml;@file;direct;;;t56;t56;ok
C130;/Product/Propulsion/Engine[2]/Type;engine/t56.xml;local-name(/*);lookup(engine_type_enum);;;turbine_engine;turbine;ok
C130;/Product/Propulsion/Engine[2]/ThrusterModel;aircraft/C130/C130.xml;thruster/@file;direct;;;t56_prop;t56_prop;ok
C130;/Product/Propulsion/Engine[2]/ThrusterType;engine/t56_prop.xml;local-name(/*);lookup(thruster_type_enum);;;propeller;propeller;ok
C130;/Product/Propulsion/Engine[2]/SourceFile;aircraft/C130/C130.xml;@file;resolve_ref->path;;;t56;engine/t56.xml;ok
C130;/Product/Propulsion/Engine[3]/Model;aircraft/C130/C130.xml;@file;direct;;;t56;t56;ok
C130;/Product/Propulsion/Engine[3]/Type;engine/t56.xml;local-name(/*);lookup(engine_type_enum);;;turbine_engine;turbine;ok
C130;/Product/Propulsion/Engine[3]/ThrusterModel;aircraft/C130/C130.xml;thruster/@file;direct;;;t56_prop;t56_prop;ok
C130;/Product/Propulsion/Engine[3]/ThrusterType;engine/t56_prop.xml;local-name(/*);lookup(thruster_type_enum);;;propeller;propeller;ok
C130;/Product/Propulsion/Engine[3]/SourceFile;aircraft/C130/C130.xml;@file;resolve_ref->path;;;t56;engine/t56.xml;ok
C130;/Product/FuelStorage/Tank[0]/FuelType;aircraft/C130/C130.xml;type/text();direct;;;;;missing_optional
C130;/Product/FuelStorage/Tank[0]/Capacity;aircraft/C130/C130.xml;capacity/text();unit_convert(LBS->KG);LBS;KG;1944.4;881.965004;ok
C130;/Product/FuelStorage/Tank[0]/Contents;aircraft/C130/C130.xml;contents/text();unit_convert(LBS->KG);LBS;KG;972.2;440.982502;ok
C130;/Product/FuelStorage/Tank[1]/FuelType;aircraft/C130/C130.xml;type/text();direct;;;;;missing_optional
C130;/Product/FuelStorage/Tank[1]/Capacity;aircraft/C130/C130.xml;capacity/text();unit_convert(LBS->KG);LBS;KG;1944.4;881.965004;ok
C130;/Product/FuelStorage/Tank[1]/Contents;aircraft/C130/C130.xml;contents/text();unit_convert(LBS->KG);LBS;KG;972.2;440.982502;ok
C130;/Product/FuelStorage/Tank[2]/FuelType;aircraft/C130/C130.xml;type/text();direct;;;;;missing_optional
C130;/Product/FuelStorage/Tank[2]/Capacity;aircraft/C130/C130.xml;capacity/text();unit_convert(LBS->KG);LBS;KG;1944.4;881.965004;ok
C130;/Product/FuelStorage/Tank[2]/Contents;aircraft/C130/C130.xml;contents/text();unit_convert(LBS->KG);LBS;KG;972.2;440.982502;ok
C130;/Product/FuelStorage/Tank[3]/FuelType;aircraft/C130/C130.xml;type/text();direct;;;;;missing_optional
C130;/Product/FuelStorage/Tank[3]/Capacity;aircraft/C130/C130.xml;capacity/text();unit_convert(LBS->KG);LBS;KG;1944.4;881.965004;ok
C130;/Product/FuelStorage/Tank[3]/Contents;aircraft/C130/C130.xml;contents/text();unit_convert(LBS->KG);LBS;KG;972.2;440.982502;ok
C130;/Product/FuelStorage/Tank[4]/FuelType;aircraft/C130/C130.xml;type/text();direct;;;;;missing_optional
C130;/Product/FuelStorage/Tank[4]/Capacity;aircraft/C130/C130.xml;capacity/text();unit_convert(LBS->KG);LBS;KG;1944.4;881.965004;ok
C130;/Product/FuelStorage/Tank[4]/Contents;aircraft/C130/C130.xml;contents/text();unit_convert(LBS->KG);LBS;KG;972.2;440.982502;ok
C130;/Product/ContactPoints/ContactPoint[0]/Name;aircraft/C130/C130.xml;@name;direct;;;NOSE_LG;NOSE_LG;ok
C130;/Product/ContactPoints/ContactPoint[0]/Type;aircraft/C130/C130.xml;@type;direct;;;BOGEY;BOGEY;ok
C130;/Product/ContactPoints/ContactPoint[0]/Retractable;aircraft/C130/C130.xml;retractable/text();direct;;;1;True;ok
C130;/Product/ContactPoints/ContactPoint[1]/Name;aircraft/C130/C130.xml;@name;direct;;;LEFT_MLG;LEFT_MLG;ok
C130;/Product/ContactPoints/ContactPoint[1]/Type;aircraft/C130/C130.xml;@type;direct;;;BOGEY;BOGEY;ok
C130;/Product/ContactPoints/ContactPoint[1]/Retractable;aircraft/C130/C130.xml;retractable/text();direct;;;1;True;ok
C130;/Product/ContactPoints/ContactPoint[2]/Name;aircraft/C130/C130.xml;@name;direct;;;RIGHT_MLG;RIGHT_MLG;ok
C130;/Product/ContactPoints/ContactPoint[2]/Type;aircraft/C130/C130.xml;@type;direct;;;BOGEY;BOGEY;ok
C130;/Product/ContactPoints/ContactPoint[2]/Retractable;aircraft/C130/C130.xml;retractable/text();direct;;;1;True;ok
C130;/Product/Systems/System[0]/Name;aircraft/C130/C130.xml;@name;direct;;;FCS: C130;FCS: C130;ok
C130;/Product/Systems/System[0]/Kind;aircraft/C130/C130.xml;local-name(.);direct;;;flight_control;flight_control;ok
C130;/Product/Systems/System[0]/SourceFile;aircraft/C130/C130.xml;@file;direct;;;;;missing_optional
Concorde;/Product/Identity/ProductId;;;derive:vehicle_id;;;;Concorde;ok
Concorde;/Product/Identity/Name;aircraft/Concorde/Concorde.xml;/fdm_config/@name;trim;;;Aerospatiale/BAC Concorde;Aerospatiale/BAC Concorde;ok
Concorde;/Product/Identity/Category;;;derive:category_override;;;;aircraft;ok
Concorde;/Product/Identity/Description;aircraft/Concorde/Concorde.xml;/fdm_config/fileheader/description/text();trim;;;Aerospatiale/British Aerospace Concorde;Aerospatiale/British Aerospace Concorde;ok
Concorde;/Product/Dimensions/WingArea;aircraft/Concorde/Concorde.xml;/fdm_config/metrics/wingarea/text();unit_convert(FT2->M2);FT2;M2;3856.0000;358.234122;ok
Concorde;/Product/Dimensions/WingSpan;aircraft/Concorde/Concorde.xml;/fdm_config/metrics/wingspan/text();unit_convert(FT->M);FT;M;83.8300;25.551384;ok
Concorde;/Product/Dimensions/Chord;aircraft/Concorde/Concorde.xml;/fdm_config/metrics/chord/text();unit_convert(FT->M);FT;M;90.7500;27.6606;ok
Concorde;/Product/Dimensions/HorizontalTailArea;aircraft/Concorde/Concorde.xml;/fdm_config/metrics/htailarea/text();unit_convert(FT2->M2);FT2;M2;0.0000;0.0;ok
Concorde;/Product/Dimensions/VerticalTailArea;aircraft/Concorde/Concorde.xml;/fdm_config/metrics/vtailarea/text();unit_convert(FT2->M2);FT2;M2;365.0000;33.90961;ok
Concorde;/Product/Mass/EmptyWeight;aircraft/Concorde/Concorde.xml;/fdm_config/mass_balance/emptywt/text();unit_convert(LBS->KG);LBS;KG;173500.0000;78698.276195;ok
Concorde;/Product/Mass/MomentOfInertia/Ixx;aircraft/Concorde/Concorde.xml;/fdm_config/mass_balance/ixx/text();unit_convert(SLUG*FT2->KG*M2);SLUG*FT2;KG*M2;1432000.0000;1941531.3044;ok
Concorde;/Product/Mass/MomentOfInertia/Iyy;aircraft/Concorde/Concorde.xml;/fdm_config/mass_balance/iyy/text();unit_convert(SLUG*FT2->KG*M2);SLUG*FT2;KG*M2;19034000.0000;25806638.8603;ok
Concorde;/Product/Mass/MomentOfInertia/Izz;aircraft/Concorde/Concorde.xml;/fdm_config/mass_balance/izz/text();unit_convert(SLUG*FT2->KG*M2);SLUG*FT2;KG*M2;10100000.0000;13693761.295;ok
Concorde;/Product/Mass/CenterOfGravity/x;aircraft/Concorde/Concorde.xml;/fdm_config/mass_balance/location[@name='CG']/x/text();unit_convert(IN->M);IN;M;1299.4000;33.00476;ok
Concorde;/Product/Mass/CenterOfGravity/y;aircraft/Concorde/Concorde.xml;/fdm_config/mass_balance/location[@name='CG']/y/text();unit_convert(IN->M);IN;M;0.0000;0.0;ok
Concorde;/Product/Mass/CenterOfGravity/z;aircraft/Concorde/Concorde.xml;/fdm_config/mass_balance/location[@name='CG']/z/text();unit_convert(IN->M);IN;M;-32.5000;-0.8255;ok
Concorde;/Product/PerformanceData/HasAerodynamicsModel;aircraft/Concorde/Concorde.xml;boolean(/fdm_config/aerodynamics);direct;;;true;True;ok
Concorde;/Product/PerformanceData/AxisCount;aircraft/Concorde/Concorde.xml;count(/fdm_config/aerodynamics/axis);direct;;;6.0;6;ok
Concorde;/Product/PerformanceData/FunctionCount;aircraft/Concorde/Concorde.xml;count(/fdm_config/aerodynamics//function);direct;;;28.0;28;ok
Concorde;/Product/PerformanceData/AlphaLimits/Min;aircraft/Concorde/Concorde.xml;/fdm_config/aerodynamics/alphalimits/min/text();unit_convert(DEG->RAD);DEG;RAD;-5.5;-0.095993;ok
Concorde;/Product/PerformanceData/AlphaLimits/Max;aircraft/Concorde/Concorde.xml;/fdm_config/aerodynamics/alphalimits/max/text();unit_convert(DEG->RAD);DEG;RAD;16.5;0.287979;ok
Concorde;/Product/SourceMetadata/SourceFormat;;;constant;;;;JSBSim-ML;ok
Concorde;/Product/SourceMetadata/SourceRepository;;;constant;;;;https://github.com/JSBSim-Team/jsbsim;ok
Concorde;/Product/SourceMetadata/SourceCommit;;;constant;;;;506773ad3790a5a621445631613faf51a15284e7;ok
Concorde;/Product/SourceMetadata/SourceMasterFile;;;derive:source_master_path;;;;aircraft/Concorde/Concorde.xml;ok
Concorde;/Product/SourceMetadata/License;;;constant;;;;"LGPL-2.1 (depot JSBSim) ; donnees de simulation, non certifiees constructeur ; voir datasets/jsbsim_reference/README.md";ok
Concorde;/Product/SourceMetadata/ExtractedAt;;;derive:run_timestamp;;;;2026-09-12T22:28:57+00:00;ok
Concorde;/Product/SourceMetadata/ResolutionStatus;;;derive:resolution_status;;;;complete;ok
Concorde;/Product/Propulsion/Engine[0]/Model;aircraft/Concorde/Concorde.xml;@file;direct;;;Olympus593Mrk610;Olympus593Mrk610;ok
Concorde;/Product/Propulsion/Engine[0]/Type;engine/Olympus593Mrk610.xml;local-name(/*);lookup(engine_type_enum);;;turbine_engine;turbine;ok
Concorde;/Product/Propulsion/Engine[0]/ThrusterModel;aircraft/Concorde/Concorde.xml;thruster/@file;direct;;;direct;direct;ok
Concorde;/Product/Propulsion/Engine[0]/ThrusterType;engine/direct.xml;local-name(/*);lookup(thruster_type_enum);;;direct;direct;ok
Concorde;/Product/Propulsion/Engine[0]/SourceFile;aircraft/Concorde/Concorde.xml;@file;resolve_ref->path;;;Olympus593Mrk610;engine/Olympus593Mrk610.xml;ok
Concorde;/Product/Propulsion/Engine[1]/Model;aircraft/Concorde/Concorde.xml;@file;direct;;;Olympus593Mrk610;Olympus593Mrk610;ok
Concorde;/Product/Propulsion/Engine[1]/Type;engine/Olympus593Mrk610.xml;local-name(/*);lookup(engine_type_enum);;;turbine_engine;turbine;ok
Concorde;/Product/Propulsion/Engine[1]/ThrusterModel;aircraft/Concorde/Concorde.xml;thruster/@file;direct;;;direct;direct;ok
Concorde;/Product/Propulsion/Engine[1]/ThrusterType;engine/direct.xml;local-name(/*);lookup(thruster_type_enum);;;direct;direct;ok
Concorde;/Product/Propulsion/Engine[1]/SourceFile;aircraft/Concorde/Concorde.xml;@file;resolve_ref->path;;;Olympus593Mrk610;engine/Olympus593Mrk610.xml;ok
Concorde;/Product/Propulsion/Engine[2]/Model;aircraft/Concorde/Concorde.xml;@file;direct;;;Olympus593Mrk610;Olympus593Mrk610;ok
Concorde;/Product/Propulsion/Engine[2]/Type;engine/Olympus593Mrk610.xml;local-name(/*);lookup(engine_type_enum);;;turbine_engine;turbine;ok
Concorde;/Product/Propulsion/Engine[2]/ThrusterModel;aircraft/Concorde/Concorde.xml;thruster/@file;direct;;;direct;direct;ok
Concorde;/Product/Propulsion/Engine[2]/ThrusterType;engine/direct.xml;local-name(/*);lookup(thruster_type_enum);;;direct;direct;ok
Concorde;/Product/Propulsion/Engine[2]/SourceFile;aircraft/Concorde/Concorde.xml;@file;resolve_ref->path;;;Olympus593Mrk610;engine/Olympus593Mrk610.xml;ok
Concorde;/Product/Propulsion/Engine[3]/Model;aircraft/Concorde/Concorde.xml;@file;direct;;;Olympus593Mrk610;Olympus593Mrk610;ok
Concorde;/Product/Propulsion/Engine[3]/Type;engine/Olympus593Mrk610.xml;local-name(/*);lookup(engine_type_enum);;;turbine_engine;turbine;ok
Concorde;/Product/Propulsion/Engine[3]/ThrusterModel;aircraft/Concorde/Concorde.xml;thruster/@file;direct;;;direct;direct;ok
Concorde;/Product/Propulsion/Engine[3]/ThrusterType;engine/direct.xml;local-name(/*);lookup(thruster_type_enum);;;direct;direct;ok
Concorde;/Product/Propulsion/Engine[3]/SourceFile;aircraft/Concorde/Concorde.xml;@file;resolve_ref->path;;;Olympus593Mrk610;engine/Olympus593Mrk610.xml;ok
Concorde;/Product/FuelStorage/Tank[0]/FuelType;aircraft/Concorde/Concorde.xml;type/text();direct;;;;;missing_optional
Concorde;/Product/FuelStorage/Tank[0]/Capacity;aircraft/Concorde/Concorde.xml;capacity/text();unit_convert(LBS->KG);LBS;KG;9255.0100;4198.00192;ok
Concorde;/Product/FuelStorage/Tank[0]/Contents;aircraft/Concorde/Concorde.xml;contents/text();unit_convert(LBS->KG);LBS;KG;9255.0100;4198.00192;ok
Concorde;/Product/FuelStorage/Tank[1]/FuelType;aircraft/Concorde/Concorde.xml;type/text();direct;;;;;missing_optional
Concorde;/Product/FuelStorage/Tank[1]/Capacity;aircraft/Concorde/Concorde.xml;capacity/text();unit_convert(LBS->KG);LBS;KG;10075.1300;4570.002095;ok
Concorde;/Product/FuelStorage/Tank[1]/Contents;aircraft/Concorde/Concorde.xml;contents/text();unit_convert(LBS->KG);LBS;KG;10075.1300;4570.002095;ok
Concorde;/Product/FuelStorage/Tank[2]/FuelType;aircraft/Concorde/Concorde.xml;type/text();direct;;;;;missing_optional
Concorde;/Product/FuelStorage/Tank[2]/Capacity;aircraft/Concorde/Concorde.xml;capacity/text();unit_convert(LBS->KG);LBS;KG;10075.1300;4570.002095;ok
Concorde;/Product/FuelStorage/Tank[2]/Contents;aircraft/Concorde/Concorde.xml;contents/text();unit_convert(LBS->KG);LBS;KG;10075.1300;4570.002095;ok
Concorde;/Product/FuelStorage/Tank[3]/FuelType;aircraft/Concorde/Concorde.xml;type/text();direct;;;;;missing_optional
Concorde;/Product/FuelStorage/Tank[3]/Capacity;aircraft/Concorde/Concorde.xml;capacity/text();unit_convert(LBS->KG);LBS;KG;9255.0100;4198.00192;ok
Concorde;/Product/FuelStorage/Tank[3]/Contents;aircraft/Concorde/Concorde.xml;contents/text();unit_convert(LBS->KG);LBS;KG;9255.0100;4198.00192;ok
Concorde;/Product/FuelStorage/Tank[4]/FuelType;aircraft/Concorde/Concorde.xml;type/text();direct;;;;;missing_optional
Concorde;/Product/FuelStorage/Tank[4]/Capacity;aircraft/Concorde/Concorde.xml;capacity/text();unit_convert(LBS->KG);LBS;KG;15873.2800;7199.998695;ok
Concorde;/Product/FuelStorage/Tank[4]/Contents;aircraft/Concorde/Concorde.xml;contents/text();unit_convert(LBS->KG);LBS;KG;15873.2800;7199.998695;ok
Concorde;/Product/FuelStorage/Tank[5]/FuelType;aircraft/Concorde/Concorde.xml;type/text();direct;;;;;missing_optional
Concorde;/Product/FuelStorage/Tank[5]/Capacity;aircraft/Concorde/Concorde.xml;capacity/text();unit_convert(LBS->KG);LBS;KG;25544.9600;11586.998948;ok
Concorde;/Product/FuelStorage/Tank[5]/Contents;aircraft/Concorde/Concorde.xml;contents/text();unit_convert(LBS->KG);LBS;KG;25544.9600;11586.998948;ok
Concorde;/Product/FuelStorage/Tank[6]/FuelType;aircraft/Concorde/Concorde.xml;type/text();direct;;;;;missing_optional
Concorde;/Product/FuelStorage/Tank[6]/Capacity;aircraft/Concorde/Concorde.xml;capacity/text();unit_convert(LBS->KG);LBS;KG;16325.2300;7404.999766;ok
Concorde;/Product/FuelStorage/Tank[6]/Contents;aircraft/Concorde/Concorde.xml;contents/text();unit_convert(LBS->KG);LBS;KG;16325.2300;7404.999766;ok
Concorde;/Product/FuelStorage/Tank[7]/FuelType;aircraft/Concorde/Concorde.xml;type/text();direct;;;;;missing_optional
Concorde;/Product/FuelStorage/Tank[7]/Capacity;aircraft/Concorde/Concorde.xml;capacity/text();unit_convert(LBS->KG);LBS;KG;28302.9500;12838.002168;ok
Concorde;/Product/FuelStorage/Tank[7]/Contents;aircraft/Concorde/Concorde.xml;contents/text();unit_convert(LBS->KG);LBS;KG;28302.9500;12838.002168;ok
Concorde;/Product/FuelStorage/Tank[8]/FuelType;aircraft/Concorde/Concorde.xml;type/text();direct;;;;;missing_optional
Concorde;/Product/FuelStorage/Tank[8]/Capacity;aircraft/Concorde/Concorde.xml;capacity/text();unit_convert(LBS->KG);LBS;KG;24462.4900;11095.998815;ok
Concorde;/Product/FuelStorage/Tank[8]/Contents;aircraft/Concorde/Concorde.xml;contents/text();unit_convert(LBS->KG);LBS;KG;24462.4900;11095.998815;ok
Concorde;/Product/FuelStorage/Tank[9]/FuelType;aircraft/Concorde/Concorde.xml;type/text();direct;;;;;missing_optional
Concorde;/Product/FuelStorage/Tank[9]/Capacity;aircraft/Concorde/Concorde.xml;capacity/text();unit_convert(LBS->KG);LBS;KG;26329.8100;11943.00092;ok
Concorde;/Product/FuelStorage/Tank[9]/Contents;aircraft/Concorde/Concorde.xml;contents/text();unit_convert(LBS->KG);LBS;KG;26329.8100;11943.00092;ok
Concorde;/Product/FuelStorage/Tank[10]/FuelType;aircraft/Concorde/Concorde.xml;type/text();direct;;;;;missing_optional
Concorde;/Product/FuelStorage/Tank[10]/Capacity;aircraft/Concorde/Concorde.xml;capacity/text();unit_convert(LBS->KG);LBS;KG;22961.1400;10414.997911;ok
Concorde;/Product/FuelStorage/Tank[10]/Contents;aircraft/Concorde/Concorde.xml;contents/text();unit_convert(LBS->KG);LBS;KG;19735.3100;8951.786036;ok
Concorde;/Product/FuelStorage/Tank[11]/FuelType;aircraft/Concorde/Concorde.xml;type/text();direct;;;;;missing_optional
Concorde;/Product/FuelStorage/Tank[11]/Capacity;aircraft/Concorde/Concorde.xml;capacity/text();unit_convert(LBS->KG);LBS;KG;4905.2900;2225.002117;ok
Concorde;/Product/FuelStorage/Tank[11]/Contents;aircraft/Concorde/Concorde.xml;contents/text();unit_convert(LBS->KG);LBS;KG;4905.2900;2225.002117;ok
Concorde;/Product/FuelStorage/Tank[12]/FuelType;aircraft/Concorde/Concorde.xml;type/text();direct;;;;;missing_optional
Concorde;/Product/FuelStorage/Tank[12]/Capacity;aircraft/Concorde/Concorde.xml;capacity/text();unit_convert(LBS->KG);LBS;KG;4905.2900;2225.002117;ok
Concorde;/Product/FuelStorage/Tank[12]/Contents;aircraft/Concorde/Concorde.xml;contents/text();unit_convert(LBS->KG);LBS;KG;4905.2900;2225.002117;ok
Concorde;/Product/FuelStorage/Tank[13]/FuelType;aircraft/Concorde/Concorde.xml;type/text();direct;;;;;missing_optional
Concorde;/Product/FuelStorage/Tank[13]/Capacity;aircraft/Concorde/Concorde.xml;capacity/text();unit_convert(LBS->KG);LBS;KG;46;20.865249;ok
Concorde;/Product/FuelStorage/Tank[13]/Contents;aircraft/Concorde/Concorde.xml;contents/text();unit_convert(LBS->KG);LBS;KG;46;20.865249;ok
Concorde;/Product/FuelStorage/Tank[14]/FuelType;aircraft/Concorde/Concorde.xml;type/text();direct;;;;;missing_optional
Concorde;/Product/FuelStorage/Tank[14]/Capacity;aircraft/Concorde/Concorde.xml;capacity/text();unit_convert(LBS->KG);LBS;KG;46;20.865249;ok
Concorde;/Product/FuelStorage/Tank[14]/Contents;aircraft/Concorde/Concorde.xml;contents/text();unit_convert(LBS->KG);LBS;KG;46;20.865249;ok
Concorde;/Product/FuelStorage/Tank[15]/FuelType;aircraft/Concorde/Concorde.xml;type/text();direct;;;;;missing_optional
Concorde;/Product/FuelStorage/Tank[15]/Capacity;aircraft/Concorde/Concorde.xml;capacity/text();unit_convert(LBS->KG);LBS;KG;46;20.865249;ok
Concorde;/Product/FuelStorage/Tank[15]/Contents;aircraft/Concorde/Concorde.xml;contents/text();unit_convert(LBS->KG);LBS;KG;46;20.865249;ok
Concorde;/Product/FuelStorage/Tank[16]/FuelType;aircraft/Concorde/Concorde.xml;type/text();direct;;;;;missing_optional
Concorde;/Product/FuelStorage/Tank[16]/Capacity;aircraft/Concorde/Concorde.xml;capacity/text();unit_convert(LBS->KG);LBS;KG;46;20.865249;ok
Concorde;/Product/FuelStorage/Tank[16]/Contents;aircraft/Concorde/Concorde.xml;contents/text();unit_convert(LBS->KG);LBS;KG;46;20.865249;ok
Concorde;/Product/ContactPoints/ContactPoint[0]/Name;aircraft/Concorde/Concorde.xml;@name;direct;;;NOSE_LG;NOSE_LG;ok
Concorde;/Product/ContactPoints/ContactPoint[0]/Type;aircraft/Concorde/Concorde.xml;@type;direct;;;BOGEY;BOGEY;ok
Concorde;/Product/ContactPoints/ContactPoint[0]/Retractable;aircraft/Concorde/Concorde.xml;retractable/text();direct;;;1;True;ok
Concorde;/Product/ContactPoints/ContactPoint[1]/Name;aircraft/Concorde/Concorde.xml;@name;direct;;;LEFT_FWD;LEFT_FWD;ok
Concorde;/Product/ContactPoints/ContactPoint[1]/Type;aircraft/Concorde/Concorde.xml;@type;direct;;;BOGEY;BOGEY;ok
Concorde;/Product/ContactPoints/ContactPoint[1]/Retractable;aircraft/Concorde/Concorde.xml;retractable/text();direct;;;1;True;ok
Concorde;/Product/ContactPoints/ContactPoint[2]/Name;aircraft/Concorde/Concorde.xml;@name;direct;;;LEFT_REAR;LEFT_REAR;ok
Concorde;/Product/ContactPoints/ContactPoint[2]/Type;aircraft/Concorde/Concorde.xml;@type;direct;;;BOGEY;BOGEY;ok
Concorde;/Product/ContactPoints/ContactPoint[2]/Retractable;aircraft/Concorde/Concorde.xml;retractable/text();direct;;;1;True;ok
Concorde;/Product/ContactPoints/ContactPoint[3]/Name;aircraft/Concorde/Concorde.xml;@name;direct;;;RIGHT_FWD;RIGHT_FWD;ok
Concorde;/Product/ContactPoints/ContactPoint[3]/Type;aircraft/Concorde/Concorde.xml;@type;direct;;;BOGEY;BOGEY;ok
Concorde;/Product/ContactPoints/ContactPoint[3]/Retractable;aircraft/Concorde/Concorde.xml;retractable/text();direct;;;1;True;ok
Concorde;/Product/ContactPoints/ContactPoint[4]/Name;aircraft/Concorde/Concorde.xml;@name;direct;;;RIGHT_REAR;RIGHT_REAR;ok
Concorde;/Product/ContactPoints/ContactPoint[4]/Type;aircraft/Concorde/Concorde.xml;@type;direct;;;BOGEY;BOGEY;ok
Concorde;/Product/ContactPoints/ContactPoint[4]/Retractable;aircraft/Concorde/Concorde.xml;retractable/text();direct;;;1;True;ok
Concorde;/Product/ContactPoints/ContactPoint[5]/Name;aircraft/Concorde/Concorde.xml;@name;direct;;;TAIL;TAIL;ok
Concorde;/Product/ContactPoints/ContactPoint[5]/Type;aircraft/Concorde/Concorde.xml;@type;direct;;;BOGEY;BOGEY;ok
Concorde;/Product/ContactPoints/ContactPoint[5]/Retractable;aircraft/Concorde/Concorde.xml;retractable/text();direct;;;1;True;ok
Concorde;/Product/ContactPoints/ContactPoint[6]/Name;aircraft/Concorde/Concorde.xml;@name;direct;;;NOSE_TIP;NOSE_TIP;ok
Concorde;/Product/ContactPoints/ContactPoint[6]/Type;aircraft/Concorde/Concorde.xml;@type;direct;;;STRUCTURE;STRUCTURE;ok
Concorde;/Product/ContactPoints/ContactPoint[6]/Retractable;aircraft/Concorde/Concorde.xml;retractable/text();direct;;;;;missing_optional
Concorde;/Product/ContactPoints/ContactPoint[7]/Name;aircraft/Concorde/Concorde.xml;@name;direct;;;LEFT_TIP;LEFT_TIP;ok
Concorde;/Product/ContactPoints/ContactPoint[7]/Type;aircraft/Concorde/Concorde.xml;@type;direct;;;STRUCTURE;STRUCTURE;ok
Concorde;/Product/ContactPoints/ContactPoint[7]/Retractable;aircraft/Concorde/Concorde.xml;retractable/text();direct;;;;;missing_optional
Concorde;/Product/ContactPoints/ContactPoint[8]/Name;aircraft/Concorde/Concorde.xml;@name;direct;;;RIGHT_TIP;RIGHT_TIP;ok
Concorde;/Product/ContactPoints/ContactPoint[8]/Type;aircraft/Concorde/Concorde.xml;@type;direct;;;STRUCTURE;STRUCTURE;ok
Concorde;/Product/ContactPoints/ContactPoint[8]/Retractable;aircraft/Concorde/Concorde.xml;retractable/text();direct;;;;;missing_optional
Concorde;/Product/ContactPoints/ContactPoint[9]/Name;aircraft/Concorde/Concorde.xml;@name;direct;;;TAIL_TIP;TAIL_TIP;ok
Concorde;/Product/ContactPoints/ContactPoint[9]/Type;aircraft/Concorde/Concorde.xml;@type;direct;;;STRUCTURE;STRUCTURE;ok
Concorde;/Product/ContactPoints/ContactPoint[9]/Retractable;aircraft/Concorde/Concorde.xml;retractable/text();direct;;;;;missing_optional
Concorde;/Product/Systems/System[0]/Name;aircraft/Concorde/Concorde.xml;@name;direct;;;Nose Wheel Steering;Nose Wheel Steering;ok
Concorde;/Product/Systems/System[0]/Kind;aircraft/Concorde/Concorde.xml;local-name(.);direct;;;system;system;ok
Concorde;/Product/Systems/System[0]/SourceFile;aircraft/Concorde/Concorde.xml;@file;direct;;;;;missing_optional
Concorde;/Product/Systems/System[1]/Name;aircraft/Concorde/Concorde.xml;@name;direct;;;Tractor;Tractor;ok
Concorde;/Product/Systems/System[1]/Kind;aircraft/Concorde/Concorde.xml;local-name(.);direct;;;system;system;ok
Concorde;/Product/Systems/System[1]/SourceFile;aircraft/Concorde/Concorde.xml;@file;direct;;;;;missing_optional
Concorde;/Product/Systems/System[2]/Name;aircraft/Concorde/Concorde.xml;@name;direct;;;Concorde;Concorde;ok
Concorde;/Product/Systems/System[2]/Kind;aircraft/Concorde/Concorde.xml;local-name(.);direct;;;flight_control;flight_control;ok
Concorde;/Product/Systems/System[2]/SourceFile;aircraft/Concorde/Concorde.xml;@file;direct;;;;;missing_optional
F450;/Product/Identity/ProductId;;;derive:vehicle_id;;;;F450;ok
F450;/Product/Identity/Name;aircraft/F450/F450.xml;/fdm_config/@name;trim;;;F450;F450;ok
F450;/Product/Identity/Category;;;derive:category_override;;;;unmanned;ok
F450;/Product/Identity/Description;aircraft/F450/F450.xml;/fdm_config/fileheader/description/text();default;;;;;default_used
F450;/Product/Dimensions/WingArea;aircraft/F450/F450.xml;/fdm_config/metrics/wingarea/text();unit_convert(M2->M2);M2;M2;0.016129;0.016129;ok
F450;/Product/Dimensions/WingSpan;aircraft/F450/F450.xml;/fdm_config/metrics/wingspan/text();unit_convert(M->M);M;M;0.127;0.127;ok
F450;/Product/Dimensions/Chord;aircraft/F450/F450.xml;/fdm_config/metrics/chord/text();unit_convert(M->M);M;M;0.127;0.127;ok
F450;/Product/Dimensions/HorizontalTailArea;aircraft/F450/F450.xml;/fdm_config/metrics/htailarea/text();direct;;;;;missing_optional
F450;/Product/Dimensions/VerticalTailArea;aircraft/F450/F450.xml;/fdm_config/metrics/vtailarea/text();direct;;;;;missing_optional
F450;/Product/Mass/EmptyWeight;aircraft/F450/F450.xml;/fdm_config/mass_balance/emptywt/text();unit_convert(KG->KG);KG;KG;1.4;1.4;ok
F450;/Product/Mass/MomentOfInertia/Ixx;aircraft/F450/F450.xml;/fdm_config/mass_balance/ixx/text();unit_convert(KG*M2->KG*M2);KG*M2;KG*M2;0.0190;0.019;ok
F450;/Product/Mass/MomentOfInertia/Iyy;aircraft/F450/F450.xml;/fdm_config/mass_balance/iyy/text();unit_convert(KG*M2->KG*M2);KG*M2;KG*M2;0.0190;0.019;ok
F450;/Product/Mass/MomentOfInertia/Izz;aircraft/F450/F450.xml;/fdm_config/mass_balance/izz/text();unit_convert(KG*M2->KG*M2);KG*M2;KG*M2;0.0252;0.0252;ok
F450;/Product/Mass/CenterOfGravity/x;aircraft/F450/F450.xml;/fdm_config/mass_balance/location[@name='CG']/x/text();unit_convert(M->M);M;M;0.0;0.0;ok
F450;/Product/Mass/CenterOfGravity/y;aircraft/F450/F450.xml;/fdm_config/mass_balance/location[@name='CG']/y/text();unit_convert(M->M);M;M;0.0;0.0;ok
F450;/Product/Mass/CenterOfGravity/z;aircraft/F450/F450.xml;/fdm_config/mass_balance/location[@name='CG']/z/text();unit_convert(M->M);M;M;0.0;0.0;ok
F450;/Product/PerformanceData/HasAerodynamicsModel;aircraft/F450/F450.xml;boolean(/fdm_config/aerodynamics);direct;;;true;True;ok
F450;/Product/PerformanceData/AxisCount;aircraft/F450/F450.xml;count(/fdm_config/aerodynamics/axis);direct;;;6.0;6;ok
F450;/Product/PerformanceData/FunctionCount;aircraft/F450/F450.xml;count(/fdm_config/aerodynamics//function);direct;;;22.0;22;ok
F450;/Product/PerformanceData/AlphaLimits/Min;aircraft/F450/F450.xml;/fdm_config/aerodynamics/alphalimits/min/text();direct;;;;;missing_optional
F450;/Product/PerformanceData/AlphaLimits/Max;aircraft/F450/F450.xml;/fdm_config/aerodynamics/alphalimits/max/text();direct;;;;;missing_optional
F450;/Product/SourceMetadata/SourceFormat;;;constant;;;;JSBSim-ML;ok
F450;/Product/SourceMetadata/SourceRepository;;;constant;;;;https://github.com/JSBSim-Team/jsbsim;ok
F450;/Product/SourceMetadata/SourceCommit;;;constant;;;;506773ad3790a5a621445631613faf51a15284e7;ok
F450;/Product/SourceMetadata/SourceMasterFile;;;derive:source_master_path;;;;aircraft/F450/F450.xml;ok
F450;/Product/SourceMetadata/License;;;constant;;;;"LGPL-2.1 (depot JSBSim) ; donnees de simulation, non certifiees constructeur ; voir datasets/jsbsim_reference/README.md";ok
F450;/Product/SourceMetadata/ExtractedAt;;;derive:run_timestamp;;;;2026-09-12T22:28:57+00:00;ok
F450;/Product/SourceMetadata/ResolutionStatus;;;derive:resolution_status;;;;complete;ok
F450;/Product/Propulsion/Engine[0]/Model;aircraft/F450/F450.xml;@file;direct;;;DJI_E305;DJI_E305;ok
F450;/Product/Propulsion/Engine[0]/Type;engine/DJI_E305.xml;local-name(/*);lookup(engine_type_enum);;;brushless_dc_motor;electric;ok
F450;/Product/Propulsion/Engine[0]/ThrusterModel;aircraft/F450/F450.xml;thruster/@file;direct;;;DJI_9450;DJI_9450;ok
F450;/Product/Propulsion/Engine[0]/ThrusterType;engine/DJI_9450.xml;local-name(/*);lookup(thruster_type_enum);;;propeller;propeller;ok
F450;/Product/Propulsion/Engine[0]/SourceFile;aircraft/F450/F450.xml;@file;resolve_ref->path;;;DJI_E305;engine/DJI_E305.xml;ok
F450;/Product/Propulsion/Engine[1]/Model;aircraft/F450/F450.xml;@file;direct;;;DJI_E305;DJI_E305;ok
F450;/Product/Propulsion/Engine[1]/Type;engine/DJI_E305.xml;local-name(/*);lookup(engine_type_enum);;;brushless_dc_motor;electric;ok
F450;/Product/Propulsion/Engine[1]/ThrusterModel;aircraft/F450/F450.xml;thruster/@file;direct;;;DJI_9450;DJI_9450;ok
F450;/Product/Propulsion/Engine[1]/ThrusterType;engine/DJI_9450.xml;local-name(/*);lookup(thruster_type_enum);;;propeller;propeller;ok
F450;/Product/Propulsion/Engine[1]/SourceFile;aircraft/F450/F450.xml;@file;resolve_ref->path;;;DJI_E305;engine/DJI_E305.xml;ok
F450;/Product/Propulsion/Engine[2]/Model;aircraft/F450/F450.xml;@file;direct;;;DJI_E305;DJI_E305;ok
F450;/Product/Propulsion/Engine[2]/Type;engine/DJI_E305.xml;local-name(/*);lookup(engine_type_enum);;;brushless_dc_motor;electric;ok
F450;/Product/Propulsion/Engine[2]/ThrusterModel;aircraft/F450/F450.xml;thruster/@file;direct;;;DJI_9450;DJI_9450;ok
F450;/Product/Propulsion/Engine[2]/ThrusterType;engine/DJI_9450.xml;local-name(/*);lookup(thruster_type_enum);;;propeller;propeller;ok
F450;/Product/Propulsion/Engine[2]/SourceFile;aircraft/F450/F450.xml;@file;resolve_ref->path;;;DJI_E305;engine/DJI_E305.xml;ok
F450;/Product/Propulsion/Engine[3]/Model;aircraft/F450/F450.xml;@file;direct;;;DJI_E305;DJI_E305;ok
F450;/Product/Propulsion/Engine[3]/Type;engine/DJI_E305.xml;local-name(/*);lookup(engine_type_enum);;;brushless_dc_motor;electric;ok
F450;/Product/Propulsion/Engine[3]/ThrusterModel;aircraft/F450/F450.xml;thruster/@file;direct;;;DJI_9450;DJI_9450;ok
F450;/Product/Propulsion/Engine[3]/ThrusterType;engine/DJI_9450.xml;local-name(/*);lookup(thruster_type_enum);;;propeller;propeller;ok
F450;/Product/Propulsion/Engine[3]/SourceFile;aircraft/F450/F450.xml;@file;resolve_ref->path;;;DJI_E305;engine/DJI_E305.xml;ok
F450;/Product/ContactPoints/ContactPoint[0]/Name;aircraft/F450/F450.xml;@name;direct;;;Front_Center;Front_Center;ok
F450;/Product/ContactPoints/ContactPoint[0]/Type;aircraft/F450/F450.xml;@type;direct;;;BOGEY;BOGEY;ok
F450;/Product/ContactPoints/ContactPoint[0]/Retractable;aircraft/F450/F450.xml;retractable/text();direct;;;;;missing_optional
F450;/Product/ContactPoints/ContactPoint[1]/Name;aircraft/F450/F450.xml;@name;direct;;;Aft_Left;Aft_Left;ok
F450;/Product/ContactPoints/ContactPoint[1]/Type;aircraft/F450/F450.xml;@type;direct;;;BOGEY;BOGEY;ok
F450;/Product/ContactPoints/ContactPoint[1]/Retractable;aircraft/F450/F450.xml;retractable/text();direct;;;;;missing_optional
F450;/Product/ContactPoints/ContactPoint[2]/Name;aircraft/F450/F450.xml;@name;direct;;;Aft_Right;Aft_Right;ok
F450;/Product/ContactPoints/ContactPoint[2]/Type;aircraft/F450/F450.xml;@type;direct;;;BOGEY;BOGEY;ok
F450;/Product/ContactPoints/ContactPoint[2]/Retractable;aircraft/F450/F450.xml;retractable/text();direct;;;;;missing_optional
F450;/Product/Systems/System[0]/Name;aircraft/F450/F450.xml;@name;direct;;;;;default_used
F450;/Product/Systems/System[0]/Kind;aircraft/F450/F450.xml;local-name(.);direct;;;system;system;ok
F450;/Product/Systems/System[0]/SourceFile;aircraft/F450/F450.xml;@file;direct;;;Effectors.xml;Effectors.xml;ok
F450;/Product/Systems/System[1]/Name;aircraft/F450/F450.xml;@name;direct;;;;;default_used
F450;/Product/Systems/System[1]/Kind;aircraft/F450/F450.xml;local-name(.);direct;;;flight_control;flight_control;ok
F450;/Product/Systems/System[1]/SourceFile;aircraft/F450/F450.xml;@file;direct;;;FlightControl.xml;FlightControl.xml;ok
F450;/Product/Systems/System[2]/Name;aircraft/F450/F450.xml;@name;direct;;;;;default_used
F450;/Product/Systems/System[2]/Kind;aircraft/F450/F450.xml;local-name(.);direct;;;system;system;ok
F450;/Product/Systems/System[2]/SourceFile;aircraft/F450/F450.xml;@file;direct;;;SensorImu.xml;SensorImu.xml;ok
F450;/Product/Systems/System[3]/Name;aircraft/F450/F450.xml;@name;direct;;;;;default_used
F450;/Product/Systems/System[3]/Kind;aircraft/F450/F450.xml;local-name(.);direct;;;system;system;ok
F450;/Product/Systems/System[3]/SourceFile;aircraft/F450/F450.xml;@file;direct;;;SensorBaro.xml;SensorBaro.xml;ok
F450;/Product/Systems/System[4]/Name;aircraft/F450/F450.xml;@name;direct;;;;;default_used
F450;/Product/Systems/System[4]/Kind;aircraft/F450/F450.xml;local-name(.);direct;;;system;system;ok
F450;/Product/Systems/System[4]/SourceFile;aircraft/F450/F450.xml;@file;direct;;;SensorGps.xml;SensorGps.xml;ok
MD11;/Product/Identity/ProductId;;;derive:vehicle_id;;;;MD11;ok
MD11;/Product/Identity/Name;aircraft/MD11/MD11.xml;/fdm_config/@name;trim;;;MD11;MD11;ok
MD11;/Product/Identity/Category;;;derive:category_override;;;;aircraft;ok
MD11;/Product/Identity/Description;aircraft/MD11/MD11.xml;/fdm_config/fileheader/description/text();trim;;;McDonnell Douglas MD-11;McDonnell Douglas MD-11;ok
MD11;/Product/Dimensions/WingArea;aircraft/MD11/MD11.xml;/fdm_config/metrics/wingarea/text();unit_convert(FT2->M2);FT2;M2;3648;338.91029;ok
MD11;/Product/Dimensions/WingSpan;aircraft/MD11/MD11.xml;/fdm_config/metrics/wingspan/text();unit_convert(FT->M);FT;M;169.5;51.6636;ok
MD11;/Product/Dimensions/Chord;aircraft/MD11/MD11.xml;/fdm_config/metrics/chord/text();unit_convert(FT->M);FT;M;21.52;6.559296;ok
MD11;/Product/Dimensions/HorizontalTailArea;aircraft/MD11/MD11.xml;/fdm_config/metrics/htailarea/text();unit_convert(FT2->M2);FT2;M2;912;84.727572;ok
MD11;/Product/Dimensions/VerticalTailArea;aircraft/MD11/MD11.xml;/fdm_config/metrics/vtailarea/text();unit_convert(FT2->M2);FT2;M2;729.6;67.782058;ok
MD11;/Product/Mass/EmptyWeight;aircraft/MD11/MD11.xml;/fdm_config/mass_balance/emptywt/text();unit_convert(LBS->KG);LBS;KG;378300;171593.993571;ok
MD11;/Product/Mass/MomentOfInertia/Ixx;aircraft/MD11/MD11.xml;/fdm_config/mass_balance/ixx/text();unit_convert(SLUG*FT2->KG*M2);SLUG*FT2;KG*M2;1.3185e+07;17876459.67075;ok
MD11;/Product/Mass/MomentOfInertia/Iyy;aircraft/MD11/MD11.xml;/fdm_config/mass_balance/iyy/text();unit_convert(SLUG*FT2->KG*M2);SLUG*FT2;KG*M2;3.83816e+07;52038462.22972;ok
MD11;/Product/Mass/MomentOfInertia/Izz;aircraft/MD11/MD11.xml;/fdm_config/mass_balance/izz/text();unit_convert(SLUG*FT2->KG*M2);SLUG*FT2;KG*M2;5.56127e+07;75400696.907965;ok
MD11;/Product/Mass/CenterOfGravity/x;aircraft/MD11/MD11.xml;/fdm_config/mass_balance/location[@name='CG']/x/text();unit_convert(IN->M);IN;M;1325.5;33.6677;ok
MD11;/Product/Mass/CenterOfGravity/y;aircraft/MD11/MD11.xml;/fdm_config/mass_balance/location[@name='CG']/y/text();unit_convert(IN->M);IN;M;0;0.0;ok
MD11;/Product/Mass/CenterOfGravity/z;aircraft/MD11/MD11.xml;/fdm_config/mass_balance/location[@name='CG']/z/text();unit_convert(IN->M);IN;M;-60.2;-1.52908;ok
MD11;/Product/PerformanceData/HasAerodynamicsModel;aircraft/MD11/MD11.xml;boolean(/fdm_config/aerodynamics);direct;;;true;True;ok
MD11;/Product/PerformanceData/AxisCount;aircraft/MD11/MD11.xml;count(/fdm_config/aerodynamics/axis);direct;;;6.0;6;ok
MD11;/Product/PerformanceData/FunctionCount;aircraft/MD11/MD11.xml;count(/fdm_config/aerodynamics//function);direct;;;26.0;26;ok
MD11;/Product/PerformanceData/AlphaLimits/Min;aircraft/MD11/MD11.xml;/fdm_config/aerodynamics/alphalimits/min/text();direct;;;;;missing_optional
MD11;/Product/PerformanceData/AlphaLimits/Max;aircraft/MD11/MD11.xml;/fdm_config/aerodynamics/alphalimits/max/text();direct;;;;;missing_optional
MD11;/Product/SourceMetadata/SourceFormat;;;constant;;;;JSBSim-ML;ok
MD11;/Product/SourceMetadata/SourceRepository;;;constant;;;;https://github.com/JSBSim-Team/jsbsim;ok
MD11;/Product/SourceMetadata/SourceCommit;;;constant;;;;506773ad3790a5a621445631613faf51a15284e7;ok
MD11;/Product/SourceMetadata/SourceMasterFile;;;derive:source_master_path;;;;aircraft/MD11/MD11.xml;ok
MD11;/Product/SourceMetadata/License;;;constant;;;;"LGPL-2.1 (depot JSBSim) ; donnees de simulation, non certifiees constructeur ; voir datasets/jsbsim_reference/README.md";ok
MD11;/Product/SourceMetadata/ExtractedAt;;;derive:run_timestamp;;;;2026-09-12T22:28:57+00:00;ok
MD11;/Product/SourceMetadata/ResolutionStatus;;;derive:resolution_status;;;;complete;ok
MD11;/Product/Propulsion/Engine[0]/Model;aircraft/MD11/MD11.xml;@file;direct;;;CF6-80C2;CF6-80C2;ok
MD11;/Product/Propulsion/Engine[0]/Type;engine/CF6-80C2.xml;local-name(/*);lookup(engine_type_enum);;;turbine_engine;turbine;ok
MD11;/Product/Propulsion/Engine[0]/ThrusterModel;aircraft/MD11/MD11.xml;thruster/@file;direct;;;direct;direct;ok
MD11;/Product/Propulsion/Engine[0]/ThrusterType;engine/direct.xml;local-name(/*);lookup(thruster_type_enum);;;direct;direct;ok
MD11;/Product/Propulsion/Engine[0]/SourceFile;aircraft/MD11/MD11.xml;@file;resolve_ref->path;;;CF6-80C2;engine/CF6-80C2.xml;ok
MD11;/Product/Propulsion/Engine[1]/Model;aircraft/MD11/MD11.xml;@file;direct;;;CF6-80C2;CF6-80C2;ok
MD11;/Product/Propulsion/Engine[1]/Type;engine/CF6-80C2.xml;local-name(/*);lookup(engine_type_enum);;;turbine_engine;turbine;ok
MD11;/Product/Propulsion/Engine[1]/ThrusterModel;aircraft/MD11/MD11.xml;thruster/@file;direct;;;direct;direct;ok
MD11;/Product/Propulsion/Engine[1]/ThrusterType;engine/direct.xml;local-name(/*);lookup(thruster_type_enum);;;direct;direct;ok
MD11;/Product/Propulsion/Engine[1]/SourceFile;aircraft/MD11/MD11.xml;@file;resolve_ref->path;;;CF6-80C2;engine/CF6-80C2.xml;ok
MD11;/Product/Propulsion/Engine[2]/Model;aircraft/MD11/MD11.xml;@file;direct;;;CF6-80C2;CF6-80C2;ok
MD11;/Product/Propulsion/Engine[2]/Type;engine/CF6-80C2.xml;local-name(/*);lookup(engine_type_enum);;;turbine_engine;turbine;ok
MD11;/Product/Propulsion/Engine[2]/ThrusterModel;aircraft/MD11/MD11.xml;thruster/@file;direct;;;direct;direct;ok
MD11;/Product/Propulsion/Engine[2]/ThrusterType;engine/direct.xml;local-name(/*);lookup(thruster_type_enum);;;direct;direct;ok
MD11;/Product/Propulsion/Engine[2]/SourceFile;aircraft/MD11/MD11.xml;@file;resolve_ref->path;;;CF6-80C2;engine/CF6-80C2.xml;ok
MD11;/Product/FuelStorage/Tank[0]/FuelType;aircraft/MD11/MD11.xml;type/text();direct;;;;;missing_optional
MD11;/Product/FuelStorage/Tank[0]/Capacity;aircraft/MD11/MD11.xml;capacity/text();unit_convert(LBS->KG);LBS;KG;9851.6;4468.610592;ok
MD11;/Product/FuelStorage/Tank[0]/Contents;aircraft/MD11/MD11.xml;contents/text();unit_convert(LBS->KG);LBS;KG;4925.8;2234.305296;ok
MD11;/Product/FuelStorage/Tank[1]/FuelType;aircraft/MD11/MD11.xml;type/text();direct;;;;;missing_optional
MD11;/Product/FuelStorage/Tank[1]/Capacity;aircraft/MD11/MD11.xml;capacity/text();unit_convert(LBS->KG);LBS;KG;9851.6;4468.610592;ok
MD11;/Product/FuelStorage/Tank[1]/Contents;aircraft/MD11/MD11.xml;contents/text();unit_convert(LBS->KG);LBS;KG;4925.8;2234.305296;ok
MD11;/Product/FuelStorage/Tank[2]/FuelType;aircraft/MD11/MD11.xml;type/text();direct;;;;;missing_optional
MD11;/Product/FuelStorage/Tank[2]/Capacity;aircraft/MD11/MD11.xml;capacity/text();unit_convert(LBS->KG);LBS;KG;9851.6;4468.610592;ok
MD11;/Product/FuelStorage/Tank[2]/Contents;aircraft/MD11/MD11.xml;contents/text();unit_convert(LBS->KG);LBS;KG;4925.8;2234.305296;ok
MD11;/Product/FuelStorage/Tank[3]/FuelType;aircraft/MD11/MD11.xml;type/text();direct;;;;;missing_optional
MD11;/Product/FuelStorage/Tank[3]/Capacity;aircraft/MD11/MD11.xml;capacity/text();unit_convert(LBS->KG);LBS;KG;9851.6;4468.610592;ok
MD11;/Product/FuelStorage/Tank[3]/Contents;aircraft/MD11/MD11.xml;contents/text();unit_convert(LBS->KG);LBS;KG;4925.8;2234.305296;ok
MD11;/Product/ContactPoints/ContactPoint[0]/Name;aircraft/MD11/MD11.xml;@name;direct;;;NOSE_LG;NOSE_LG;ok
MD11;/Product/ContactPoints/ContactPoint[0]/Type;aircraft/MD11/MD11.xml;@type;direct;;;BOGEY;BOGEY;ok
MD11;/Product/ContactPoints/ContactPoint[0]/Retractable;aircraft/MD11/MD11.xml;retractable/text();direct;;;1;True;ok
MD11;/Product/ContactPoints/ContactPoint[1]/Name;aircraft/MD11/MD11.xml;@name;direct;;;LEFT_MLG;LEFT_MLG;ok
MD11;/Product/ContactPoints/ContactPoint[1]/Type;aircraft/MD11/MD11.xml;@type;direct;;;BOGEY;BOGEY;ok
MD11;/Product/ContactPoints/ContactPoint[1]/Retractable;aircraft/MD11/MD11.xml;retractable/text();direct;;;1;True;ok
MD11;/Product/ContactPoints/ContactPoint[2]/Name;aircraft/MD11/MD11.xml;@name;direct;;;RIGHT_MLG;RIGHT_MLG;ok
MD11;/Product/ContactPoints/ContactPoint[2]/Type;aircraft/MD11/MD11.xml;@type;direct;;;BOGEY;BOGEY;ok
MD11;/Product/ContactPoints/ContactPoint[2]/Retractable;aircraft/MD11/MD11.xml;retractable/text();direct;;;1;True;ok
MD11;/Product/Systems/System[0]/Name;aircraft/MD11/MD11.xml;@name;direct;;;FCS: MD11;FCS: MD11;ok
MD11;/Product/Systems/System[0]/Kind;aircraft/MD11/MD11.xml;local-name(.);direct;;;flight_control;flight_control;ok
MD11;/Product/Systems/System[0]/SourceFile;aircraft/MD11/MD11.xml;@file;direct;;;;;missing_optional
Submarine_Scout;/Product/Identity/ProductId;;;derive:vehicle_id;;;;Submarine_Scout;ok
Submarine_Scout;/Product/Identity/Name;aircraft/Submarine_Scout/Submarine_Scout.xml;/fdm_config/@name;trim;;;SubmarineScout;SubmarineScout;ok
Submarine_Scout;/Product/Identity/Category;;;derive:category_override;;;;lighter-than-air;ok
Submarine_Scout;/Product/Identity/Description;aircraft/Submarine_Scout/Submarine_Scout.xml;/fdm_config/fileheader/description/text();trim;;;Submarine Scout Zero class airship for JSBSim.;Submarine Scout Zero class airship for JSBSim.;ok
Submarine_Scout;/Product/Dimensions/WingArea;aircraft/Submarine_Scout/Submarine_Scout.xml;/fdm_config/metrics/wingarea/text();unit_convert(M2->M2);M2;M2;65.0;65.0;ok
Submarine_Scout;/Product/Dimensions/WingSpan;aircraft/Submarine_Scout/Submarine_Scout.xml;/fdm_config/metrics/wingspan/text();unit_convert(M->M);M;M;9.1;9.1;ok
Submarine_Scout;/Product/Dimensions/Chord;aircraft/Submarine_Scout/Submarine_Scout.xml;/fdm_config/metrics/chord/text();unit_convert(M->M);M;M;43.7;43.7;ok
Submarine_Scout;/Product/Dimensions/HorizontalTailArea;aircraft/Submarine_Scout/Submarine_Scout.xml;/fdm_config/metrics/htailarea/text();unit_convert(M2->M2);M2;M2;25.27;25.27;ok
Submarine_Scout;/Product/Dimensions/VerticalTailArea;aircraft/Submarine_Scout/Submarine_Scout.xml;/fdm_config/metrics/vtailarea/text();unit_convert(M2->M2);M2;M2;12.64;12.64;ok
Submarine_Scout;/Product/Mass/EmptyWeight;aircraft/Submarine_Scout/Submarine_Scout.xml;/fdm_config/mass_balance/emptywt/text();unit_convert(KG->KG);KG;KG;733.50;733.5;ok
Submarine_Scout;/Product/Mass/MomentOfInertia/Ixx;aircraft/Submarine_Scout/Submarine_Scout.xml;/fdm_config/mass_balance/ixx/text();unit_convert(KG*M2->KG*M2);KG*M2;KG*M2;14853.0;14853.0;ok
Submarine_Scout;/Product/Mass/MomentOfInertia/Iyy;aircraft/Submarine_Scout/Submarine_Scout.xml;/fdm_config/mass_balance/iyy/text();unit_convert(KG*M2->KG*M2);KG*M2;KG*M2;124160.0;124160.0;ok
Submarine_Scout;/Product/Mass/MomentOfInertia/Izz;aircraft/Submarine_Scout/Submarine_Scout.xml;/fdm_config/mass_balance/izz/text();unit_convert(KG*M2->KG*M2);KG*M2;KG*M2;124160.0;124160.0;ok
Submarine_Scout;/Product/Mass/CenterOfGravity/x;aircraft/Submarine_Scout/Submarine_Scout.xml;/fdm_config/mass_balance/location[@name='CG']/x/text();unit_convert(M->M);M;M;21.850;21.85;ok
Submarine_Scout;/Product/Mass/CenterOfGravity/y;aircraft/Submarine_Scout/Submarine_Scout.xml;/fdm_config/mass_balance/location[@name='CG']/y/text();unit_convert(M->M);M;M;0.000;0.0;ok
Submarine_Scout;/Product/Mass/CenterOfGravity/z;aircraft/Submarine_Scout/Submarine_Scout.xml;/fdm_config/mass_balance/location[@name='CG']/z/text();unit_convert(M->M);M;M;0.000;0.0;ok
Submarine_Scout;/Product/PerformanceData/HasAerodynamicsModel;aircraft/Submarine_Scout/Submarine_Scout.xml;boolean(/fdm_config/aerodynamics);direct;;;true;True;ok
Submarine_Scout;/Product/PerformanceData/AxisCount;aircraft/Submarine_Scout/Submarine_Scout.xml;count(/fdm_config/aerodynamics/axis);direct;;;6.0;6;ok
Submarine_Scout;/Product/PerformanceData/FunctionCount;aircraft/Submarine_Scout/Submarine_Scout.xml;count(/fdm_config/aerodynamics//function);direct;;;31.0;31;ok
Submarine_Scout;/Product/PerformanceData/AlphaLimits/Min;aircraft/Submarine_Scout/Submarine_Scout.xml;/fdm_config/aerodynamics/alphalimits/min/text();direct;;;;;missing_optional
Submarine_Scout;/Product/PerformanceData/AlphaLimits/Max;aircraft/Submarine_Scout/Submarine_Scout.xml;/fdm_config/aerodynamics/alphalimits/max/text();direct;;;;;missing_optional
Submarine_Scout;/Product/SourceMetadata/SourceFormat;;;constant;;;;JSBSim-ML;ok
Submarine_Scout;/Product/SourceMetadata/SourceRepository;;;constant;;;;https://github.com/JSBSim-Team/jsbsim;ok
Submarine_Scout;/Product/SourceMetadata/SourceCommit;;;constant;;;;506773ad3790a5a621445631613faf51a15284e7;ok
Submarine_Scout;/Product/SourceMetadata/SourceMasterFile;;;derive:source_master_path;;;;aircraft/Submarine_Scout/Submarine_Scout.xml;ok
Submarine_Scout;/Product/SourceMetadata/License;;;constant;;;;"LGPL-2.1 (depot JSBSim) ; donnees de simulation, non certifiees constructeur ; voir datasets/jsbsim_reference/README.md";ok
Submarine_Scout;/Product/SourceMetadata/ExtractedAt;;;derive:run_timestamp;;;;2026-09-12T22:28:57+00:00;ok
Submarine_Scout;/Product/SourceMetadata/ResolutionStatus;;;derive:resolution_status;;;;complete;ok
Submarine_Scout;/Product/Propulsion/Engine[0]/Model;aircraft/Submarine_Scout/Submarine_Scout.xml;@file;direct;;;eng_RRhawk;eng_RRhawk;ok
Submarine_Scout;/Product/Propulsion/Engine[0]/Type;engine/eng_RRhawk.xml;local-name(/*);lookup(engine_type_enum);;;piston_engine;piston;ok
Submarine_Scout;/Product/Propulsion/Engine[0]/ThrusterModel;aircraft/Submarine_Scout/Submarine_Scout.xml;thruster/@file;direct;;;prop_SSZ;prop_SSZ;ok
Submarine_Scout;/Product/Propulsion/Engine[0]/ThrusterType;engine/prop_SSZ.xml;local-name(/*);lookup(thruster_type_enum);;;propeller;propeller;ok
Submarine_Scout;/Product/Propulsion/Engine[0]/SourceFile;aircraft/Submarine_Scout/Submarine_Scout.xml;@file;resolve_ref->path;;;eng_RRhawk;engine/eng_RRhawk.xml;ok
Submarine_Scout;/Product/FuelStorage/Tank[0]/FuelType;aircraft/Submarine_Scout/Submarine_Scout.xml;type/text();direct;;;;;missing_optional
Submarine_Scout;/Product/FuelStorage/Tank[0]/Capacity;aircraft/Submarine_Scout/Submarine_Scout.xml;capacity/text();unit_convert(KG->KG);KG;KG;196.39;196.39;ok
Submarine_Scout;/Product/FuelStorage/Tank[0]/Contents;aircraft/Submarine_Scout/Submarine_Scout.xml;contents/text();unit_convert(KG->KG);KG;KG;196.39;196.39;ok
Submarine_Scout;/Product/FuelStorage/Tank[1]/FuelType;aircraft/Submarine_Scout/Submarine_Scout.xml;type/text();direct;;;;;missing_optional
Submarine_Scout;/Product/FuelStorage/Tank[1]/Capacity;aircraft/Submarine_Scout/Submarine_Scout.xml;capacity/text();unit_convert(KG->KG);KG;KG;196.39;196.39;ok
Submarine_Scout;/Product/FuelStorage/Tank[1]/Contents;aircraft/Submarine_Scout/Submarine_Scout.xml;contents/text();unit_convert(KG->KG);KG;KG;196.39;196.39;ok
Submarine_Scout;/Product/ContactPoints/ContactPoint[0]/Name;aircraft/Submarine_Scout/Submarine_Scout.xml;@name;direct;;;CAR_KEEL_FRONT;CAR_KEEL_FRONT;ok
Submarine_Scout;/Product/ContactPoints/ContactPoint[0]/Type;aircraft/Submarine_Scout/Submarine_Scout.xml;@type;direct;;;BOGEY;BOGEY;ok
Submarine_Scout;/Product/ContactPoints/ContactPoint[0]/Retractable;aircraft/Submarine_Scout/Submarine_Scout.xml;retractable/text();direct;;;0;False;ok
Submarine_Scout;/Product/ContactPoints/ContactPoint[1]/Name;aircraft/Submarine_Scout/Submarine_Scout.xml;@name;direct;;;CAR_KEEL_MIDDLE;CAR_KEEL_MIDDLE;ok
Submarine_Scout;/Product/ContactPoints/ContactPoint[1]/Type;aircraft/Submarine_Scout/Submarine_Scout.xml;@type;direct;;;BOGEY;BOGEY;ok
Submarine_Scout;/Product/ContactPoints/ContactPoint[1]/Retractable;aircraft/Submarine_Scout/Submarine_Scout.xml;retractable/text();direct;;;0;False;ok
Submarine_Scout;/Product/ContactPoints/ContactPoint[2]/Name;aircraft/Submarine_Scout/Submarine_Scout.xml;@name;direct;;;CAR_KEEL_AFT;CAR_KEEL_AFT;ok
Submarine_Scout;/Product/ContactPoints/ContactPoint[2]/Type;aircraft/Submarine_Scout/Submarine_Scout.xml;@type;direct;;;BOGEY;BOGEY;ok
Submarine_Scout;/Product/ContactPoints/ContactPoint[2]/Retractable;aircraft/Submarine_Scout/Submarine_Scout.xml;retractable/text();direct;;;0;False;ok
Submarine_Scout;/Product/ContactPoints/ContactPoint[3]/Name;aircraft/Submarine_Scout/Submarine_Scout.xml;@name;direct;;;NOSE;NOSE;ok
Submarine_Scout;/Product/ContactPoints/ContactPoint[3]/Type;aircraft/Submarine_Scout/Submarine_Scout.xml;@type;direct;;;STRUCTURE;STRUCTURE;ok
Submarine_Scout;/Product/ContactPoints/ContactPoint[3]/Retractable;aircraft/Submarine_Scout/Submarine_Scout.xml;retractable/text();direct;;;0;False;ok
Submarine_Scout;/Product/ContactPoints/ContactPoint[4]/Name;aircraft/Submarine_Scout/Submarine_Scout.xml;@name;direct;;;TAIL;TAIL;ok
Submarine_Scout;/Product/ContactPoints/ContactPoint[4]/Type;aircraft/Submarine_Scout/Submarine_Scout.xml;@type;direct;;;STRUCTURE;STRUCTURE;ok
Submarine_Scout;/Product/ContactPoints/ContactPoint[4]/Retractable;aircraft/Submarine_Scout/Submarine_Scout.xml;retractable/text();direct;;;0;False;ok
Submarine_Scout;/Product/ContactPoints/ContactPoint[5]/Name;aircraft/Submarine_Scout/Submarine_Scout.xml;@name;direct;;;TAIL_FIN;TAIL_FIN;ok
Submarine_Scout;/Product/ContactPoints/ContactPoint[5]/Type;aircraft/Submarine_Scout/Submarine_Scout.xml;@type;direct;;;STRUCTURE;STRUCTURE;ok
Submarine_Scout;/Product/ContactPoints/ContactPoint[5]/Retractable;aircraft/Submarine_Scout/Submarine_Scout.xml;retractable/text();direct;;;0;False;ok
Submarine_Scout;/Product/ContactPoints/ContactPoint[6]/Name;aircraft/Submarine_Scout/Submarine_Scout.xml;@name;direct;;;CAR_FRONT;CAR_FRONT;ok
Submarine_Scout;/Product/ContactPoints/ContactPoint[6]/Type;aircraft/Submarine_Scout/Submarine_Scout.xml;@type;direct;;;BOGEY;BOGEY;ok
Submarine_Scout;/Product/ContactPoints/ContactPoint[6]/Retractable;aircraft/Submarine_Scout/Submarine_Scout.xml;retractable/text();direct;;;0;False;ok
Submarine_Scout;/Product/Systems/System[0]/Name;aircraft/Submarine_Scout/Submarine_Scout.xml;@name;direct;;;Instrumentation;Instrumentation;ok
Submarine_Scout;/Product/Systems/System[0]/Kind;aircraft/Submarine_Scout/Submarine_Scout.xml;local-name(.);direct;;;system;system;ok
Submarine_Scout;/Product/Systems/System[0]/SourceFile;aircraft/Submarine_Scout/Submarine_Scout.xml;@file;direct;;;;;missing_optional
Submarine_Scout;/Product/Systems/System[1]/Name;aircraft/Submarine_Scout/Submarine_Scout.xml;@name;direct;;;;;default_used
Submarine_Scout;/Product/Systems/System[1]/Kind;aircraft/Submarine_Scout/Submarine_Scout.xml;local-name(.);direct;;;system;system;ok
Submarine_Scout;/Product/Systems/System[1]/SourceFile;aircraft/Submarine_Scout/Submarine_Scout.xml;@file;direct;;;Submarine_Scout_crew_ap;Submarine_Scout_crew_ap;ok
Submarine_Scout;/Product/Systems/System[2]/Name;aircraft/Submarine_Scout/Submarine_Scout.xml;@name;direct;;;;;default_used
Submarine_Scout;/Product/Systems/System[2]/Kind;aircraft/Submarine_Scout/Submarine_Scout.xml;local-name(.);direct;;;system;system;ok
Submarine_Scout;/Product/Systems/System[2]/SourceFile;aircraft/Submarine_Scout/Submarine_Scout.xml;@file;direct;;;air-and-gas-control;air-and-gas-control;ok
Submarine_Scout;/Product/Systems/System[3]/Name;aircraft/Submarine_Scout/Submarine_Scout.xml;@name;direct;;;Aerodynamic controls;Aerodynamic controls;ok
Submarine_Scout;/Product/Systems/System[3]/Kind;aircraft/Submarine_Scout/Submarine_Scout.xml;local-name(.);direct;;;flight_control;flight_control;ok
Submarine_Scout;/Product/Systems/System[3]/SourceFile;aircraft/Submarine_Scout/Submarine_Scout.xml;@file;direct;;;;;missing_optional
Submarine_Scout;/Product/Systems/System[4]/Name;aircraft/Submarine_Scout/Submarine_Scout.xml;@name;direct;;;Weigh_Off;Weigh_Off;ok
Submarine_Scout;/Product/Systems/System[4]/Kind;aircraft/Submarine_Scout/Submarine_Scout.xml;local-name(.);direct;;;system;system;ok
Submarine_Scout;/Product/Systems/System[4]/SourceFile;aircraft/Submarine_Scout/Submarine_Scout.xml;@file;direct;;;;;missing_optional
Submarine_Scout;/Product/Systems/System[5]/Name;aircraft/Submarine_Scout/Submarine_Scout.xml;@name;direct;;;;;default_used
Submarine_Scout;/Product/Systems/System[5]/Kind;aircraft/Submarine_Scout/Submarine_Scout.xml;local-name(.);direct;;;system;system;ok
Submarine_Scout;/Product/Systems/System[5]/SourceFile;aircraft/Submarine_Scout/Submarine_Scout.xml;@file;direct;;;visual-reference-point-extensions;visual-reference-point-extensions;ok
Submarine_Scout;/Product/Systems/System[6]/Name;aircraft/Submarine_Scout/Submarine_Scout.xml;@name;direct;;;landing-party;landing-party;ok
Submarine_Scout;/Product/Systems/System[6]/Kind;aircraft/Submarine_Scout/Submarine_Scout.xml;local-name(.);direct;;;system;system;ok
Submarine_Scout;/Product/Systems/System[6]/SourceFile;aircraft/Submarine_Scout/Submarine_Scout.xml;@file;direct;;;;;missing_optional
Submarine_Scout;/Product/Systems/System[7]/Name;aircraft/Submarine_Scout/Submarine_Scout.xml;@name;direct;;;Aerodynamic constants;Aerodynamic constants;ok
Submarine_Scout;/Product/Systems/System[7]/Kind;aircraft/Submarine_Scout/Submarine_Scout.xml;local-name(.);direct;;;system;system;ok
Submarine_Scout;/Product/Systems/System[7]/SourceFile;aircraft/Submarine_Scout/Submarine_Scout.xml;@file;direct;;;;;missing_optional
Submarine_Scout;/Product/Systems/System[8]/Name;aircraft/Submarine_Scout/Submarine_Scout.xml;@name;direct;;;;;default_used
Submarine_Scout;/Product/Systems/System[8]/Kind;aircraft/Submarine_Scout/Submarine_Scout.xml;local-name(.);direct;;;system;system;ok
Submarine_Scout;/Product/Systems/System[8]/SourceFile;aircraft/Submarine_Scout/Submarine_Scout.xml;@file;direct;;;airship_added_mass;airship_added_mass;ok
XB-70;/Product/Identity/ProductId;;;derive:vehicle_id;;;;XB-70;ok
XB-70;/Product/Identity/Name;aircraft/XB-70/XB-70.xml;/fdm_config/@name;trim;;;XB-70;XB-70;ok
XB-70;/Product/Identity/Category;;;derive:category_override;;;;aircraft;ok
XB-70;/Product/Identity/Description;aircraft/XB-70/XB-70.xml;/fdm_config/fileheader/description/text();trim;;;XB-70 bomber flight model approximation;XB-70 bomber flight model approximation;ok
XB-70;/Product/Dimensions/WingArea;aircraft/XB-70/XB-70.xml;/fdm_config/metrics/wingarea/text();unit_convert(FT2->M2);FT2;M2;6298;585.103346;ok
XB-70;/Product/Dimensions/WingSpan;aircraft/XB-70/XB-70.xml;/fdm_config/metrics/wingspan/text();unit_convert(FT->M);FT;M;105;32.004;ok
XB-70;/Product/Dimensions/Chord;aircraft/XB-70/XB-70.xml;/fdm_config/metrics/chord/text();unit_convert(FT->M);FT;M;78.5;23.9268;ok
XB-70;/Product/Dimensions/HorizontalTailArea;aircraft/XB-70/XB-70.xml;/fdm_config/metrics/htailarea/text();unit_convert(FT2->M2);FT2;M2;415.6;38.610503;ok
XB-70;/Product/Dimensions/VerticalTailArea;aircraft/XB-70/XB-70.xml;/fdm_config/metrics/vtailarea/text();unit_convert(FT2->M2);FT2;M2;468;43.478623;ok
XB-70;/Product/Mass/EmptyWeight;aircraft/XB-70/XB-70.xml;/fdm_config/mass_balance/emptywt/text();unit_convert(LBS->KG);LBS;KG;300000;136077.711;ok
XB-70;/Product/Mass/MomentOfInertia/Ixx;aircraft/XB-70/XB-70.xml;/fdm_config/mass_balance/ixx/text();unit_convert(SLUG*FT2->KG*M2);SLUG*FT2;KG*M2;1.34e+06;1816796.053;ok
XB-70;/Product/Mass/MomentOfInertia/Iyy;aircraft/XB-70/XB-70.xml;/fdm_config/mass_balance/iyy/text();unit_convert(SLUG*FT2->KG*M2);SLUG*FT2;KG*M2;1.6e+07;21693087.2;ok
XB-70;/Product/Mass/MomentOfInertia/Izz;aircraft/XB-70/XB-70.xml;/fdm_config/mass_balance/izz/text();unit_convert(SLUG*FT2->KG*M2);SLUG*FT2;KG*M2;1.68e+07;22777741.56;ok
XB-70;/Product/Mass/CenterOfGravity/x;aircraft/XB-70/XB-70.xml;/fdm_config/mass_balance/location[@name='CG']/x/text();unit_convert(IN->M);IN;M;1593;40.4622;ok
XB-70;/Product/Mass/CenterOfGravity/y;aircraft/XB-70/XB-70.xml;/fdm_config/mass_balance/location[@name='CG']/y/text();unit_convert(IN->M);IN;M;0;0.0;ok
XB-70;/Product/Mass/CenterOfGravity/z;aircraft/XB-70/XB-70.xml;/fdm_config/mass_balance/location[@name='CG']/z/text();unit_convert(IN->M);IN;M;-57.9;-1.47066;ok
XB-70;/Product/PerformanceData/HasAerodynamicsModel;aircraft/XB-70/XB-70.xml;boolean(/fdm_config/aerodynamics);direct;;;true;True;ok
XB-70;/Product/PerformanceData/AxisCount;aircraft/XB-70/XB-70.xml;count(/fdm_config/aerodynamics/axis);direct;;;6.0;6;ok
XB-70;/Product/PerformanceData/FunctionCount;aircraft/XB-70/XB-70.xml;count(/fdm_config/aerodynamics//function);direct;;;26.0;26;ok
XB-70;/Product/PerformanceData/AlphaLimits/Min;aircraft/XB-70/XB-70.xml;/fdm_config/aerodynamics/alphalimits/min/text();direct;;;;;missing_optional
XB-70;/Product/PerformanceData/AlphaLimits/Max;aircraft/XB-70/XB-70.xml;/fdm_config/aerodynamics/alphalimits/max/text();direct;;;;;missing_optional
XB-70;/Product/SourceMetadata/SourceFormat;;;constant;;;;JSBSim-ML;ok
XB-70;/Product/SourceMetadata/SourceRepository;;;constant;;;;https://github.com/JSBSim-Team/jsbsim;ok
XB-70;/Product/SourceMetadata/SourceCommit;;;constant;;;;506773ad3790a5a621445631613faf51a15284e7;ok
XB-70;/Product/SourceMetadata/SourceMasterFile;;;derive:source_master_path;;;;aircraft/XB-70/XB-70.xml;ok
XB-70;/Product/SourceMetadata/License;;;constant;;;;"LGPL-2.1 (depot JSBSim) ; donnees de simulation, non certifiees constructeur ; voir datasets/jsbsim_reference/README.md";ok
XB-70;/Product/SourceMetadata/ExtractedAt;;;derive:run_timestamp;;;;2026-09-12T22:28:57+00:00;ok
XB-70;/Product/SourceMetadata/ResolutionStatus;;;derive:resolution_status;;;;complete;ok
XB-70;/Product/Propulsion/Engine[0]/Model;aircraft/XB-70/XB-70.xml;@file;direct;;;YJ93-GE-3;YJ93-GE-3;ok
XB-70;/Product/Propulsion/Engine[0]/Type;engine/YJ93-GE-3.xml;local-name(/*);lookup(engine_type_enum);;;turbine_engine;turbine;ok
XB-70;/Product/Propulsion/Engine[0]/ThrusterModel;aircraft/XB-70/XB-70.xml;thruster/@file;direct;;;direct;direct;ok
XB-70;/Product/Propulsion/Engine[0]/ThrusterType;engine/direct.xml;local-name(/*);lookup(thruster_type_enum);;;direct;direct;ok
XB-70;/Product/Propulsion/Engine[0]/SourceFile;aircraft/XB-70/XB-70.xml;@file;resolve_ref->path;;;YJ93-GE-3;engine/YJ93-GE-3.xml;ok
XB-70;/Product/Propulsion/Engine[1]/Model;aircraft/XB-70/XB-70.xml;@file;direct;;;YJ93-GE-3;YJ93-GE-3;ok
XB-70;/Product/Propulsion/Engine[1]/Type;engine/YJ93-GE-3.xml;local-name(/*);lookup(engine_type_enum);;;turbine_engine;turbine;ok
XB-70;/Product/Propulsion/Engine[1]/ThrusterModel;aircraft/XB-70/XB-70.xml;thruster/@file;direct;;;direct;direct;ok
XB-70;/Product/Propulsion/Engine[1]/ThrusterType;engine/direct.xml;local-name(/*);lookup(thruster_type_enum);;;direct;direct;ok
XB-70;/Product/Propulsion/Engine[1]/SourceFile;aircraft/XB-70/XB-70.xml;@file;resolve_ref->path;;;YJ93-GE-3;engine/YJ93-GE-3.xml;ok
XB-70;/Product/Propulsion/Engine[2]/Model;aircraft/XB-70/XB-70.xml;@file;direct;;;YJ93-GE-3;YJ93-GE-3;ok
XB-70;/Product/Propulsion/Engine[2]/Type;engine/YJ93-GE-3.xml;local-name(/*);lookup(engine_type_enum);;;turbine_engine;turbine;ok
XB-70;/Product/Propulsion/Engine[2]/ThrusterModel;aircraft/XB-70/XB-70.xml;thruster/@file;direct;;;direct;direct;ok
XB-70;/Product/Propulsion/Engine[2]/ThrusterType;engine/direct.xml;local-name(/*);lookup(thruster_type_enum);;;direct;direct;ok
XB-70;/Product/Propulsion/Engine[2]/SourceFile;aircraft/XB-70/XB-70.xml;@file;resolve_ref->path;;;YJ93-GE-3;engine/YJ93-GE-3.xml;ok
XB-70;/Product/Propulsion/Engine[3]/Model;aircraft/XB-70/XB-70.xml;@file;direct;;;YJ93-GE-3;YJ93-GE-3;ok
XB-70;/Product/Propulsion/Engine[3]/Type;engine/YJ93-GE-3.xml;local-name(/*);lookup(engine_type_enum);;;turbine_engine;turbine;ok
XB-70;/Product/Propulsion/Engine[3]/ThrusterModel;aircraft/XB-70/XB-70.xml;thruster/@file;direct;;;direct;direct;ok
XB-70;/Product/Propulsion/Engine[3]/ThrusterType;engine/direct.xml;local-name(/*);lookup(thruster_type_enum);;;direct;direct;ok
XB-70;/Product/Propulsion/Engine[3]/SourceFile;aircraft/XB-70/XB-70.xml;@file;resolve_ref->path;;;YJ93-GE-3;engine/YJ93-GE-3.xml;ok
XB-70;/Product/Propulsion/Engine[4]/Model;aircraft/XB-70/XB-70.xml;@file;direct;;;YJ93-GE-3;YJ93-GE-3;ok
XB-70;/Product/Propulsion/Engine[4]/Type;engine/YJ93-GE-3.xml;local-name(/*);lookup(engine_type_enum);;;turbine_engine;turbine;ok
XB-70;/Product/Propulsion/Engine[4]/ThrusterModel;aircraft/XB-70/XB-70.xml;thruster/@file;direct;;;direct;direct;ok
XB-70;/Product/Propulsion/Engine[4]/ThrusterType;engine/direct.xml;local-name(/*);lookup(thruster_type_enum);;;direct;direct;ok
XB-70;/Product/Propulsion/Engine[4]/SourceFile;aircraft/XB-70/XB-70.xml;@file;resolve_ref->path;;;YJ93-GE-3;engine/YJ93-GE-3.xml;ok
XB-70;/Product/Propulsion/Engine[5]/Model;aircraft/XB-70/XB-70.xml;@file;direct;;;YJ93-GE-3;YJ93-GE-3;ok
XB-70;/Product/Propulsion/Engine[5]/Type;engine/YJ93-GE-3.xml;local-name(/*);lookup(engine_type_enum);;;turbine_engine;turbine;ok
XB-70;/Product/Propulsion/Engine[5]/ThrusterModel;aircraft/XB-70/XB-70.xml;thruster/@file;direct;;;direct;direct;ok
XB-70;/Product/Propulsion/Engine[5]/ThrusterType;engine/direct.xml;local-name(/*);lookup(thruster_type_enum);;;direct;direct;ok
XB-70;/Product/Propulsion/Engine[5]/SourceFile;aircraft/XB-70/XB-70.xml;@file;resolve_ref->path;;;YJ93-GE-3;engine/YJ93-GE-3.xml;ok
XB-70;/Product/FuelStorage/Tank[0]/FuelType;aircraft/XB-70/XB-70.xml;type/text();direct;;;;;missing_optional
XB-70;/Product/FuelStorage/Tank[0]/Capacity;aircraft/XB-70/XB-70.xml;capacity/text();unit_convert(LBS->KG);LBS;KG;4464.3;2024.972417;ok
XB-70;/Product/FuelStorage/Tank[0]/Contents;aircraft/XB-70/XB-70.xml;contents/text();unit_convert(LBS->KG);LBS;KG;2232.1;1012.463529;ok
XB-70;/Product/FuelStorage/Tank[1]/FuelType;aircraft/XB-70/XB-70.xml;type/text();direct;;;;;missing_optional
XB-70;/Product/FuelStorage/Tank[1]/Capacity;aircraft/XB-70/XB-70.xml;capacity/text();unit_convert(LBS->KG);LBS;KG;4464.3;2024.972417;ok
XB-70;/Product/FuelStorage/Tank[1]/Contents;aircraft/XB-70/XB-70.xml;contents/text();unit_convert(LBS->KG);LBS;KG;2232.1;1012.463529;ok
XB-70;/Product/FuelStorage/Tank[2]/FuelType;aircraft/XB-70/XB-70.xml;type/text();direct;;;;;missing_optional
XB-70;/Product/FuelStorage/Tank[2]/Capacity;aircraft/XB-70/XB-70.xml;capacity/text();unit_convert(LBS->KG);LBS;KG;4464.3;2024.972417;ok
XB-70;/Product/FuelStorage/Tank[2]/Contents;aircraft/XB-70/XB-70.xml;contents/text();unit_convert(LBS->KG);LBS;KG;2232.1;1012.463529;ok
XB-70;/Product/FuelStorage/Tank[3]/FuelType;aircraft/XB-70/XB-70.xml;type/text();direct;;;;;missing_optional
XB-70;/Product/FuelStorage/Tank[3]/Capacity;aircraft/XB-70/XB-70.xml;capacity/text();unit_convert(LBS->KG);LBS;KG;4464.3;2024.972417;ok
XB-70;/Product/FuelStorage/Tank[3]/Contents;aircraft/XB-70/XB-70.xml;contents/text();unit_convert(LBS->KG);LBS;KG;2232.1;1012.463529;ok
XB-70;/Product/FuelStorage/Tank[4]/FuelType;aircraft/XB-70/XB-70.xml;type/text();direct;;;;;missing_optional
XB-70;/Product/FuelStorage/Tank[4]/Capacity;aircraft/XB-70/XB-70.xml;capacity/text();unit_convert(LBS->KG);LBS;KG;4464.3;2024.972417;ok
XB-70;/Product/FuelStorage/Tank[4]/Contents;aircraft/XB-70/XB-70.xml;contents/text();unit_convert(LBS->KG);LBS;KG;2232.1;1012.463529;ok
XB-70;/Product/FuelStorage/Tank[5]/FuelType;aircraft/XB-70/XB-70.xml;type/text();direct;;;;;missing_optional
XB-70;/Product/FuelStorage/Tank[5]/Capacity;aircraft/XB-70/XB-70.xml;capacity/text();unit_convert(LBS->KG);LBS;KG;4464.3;2024.972417;ok
XB-70;/Product/FuelStorage/Tank[5]/Contents;aircraft/XB-70/XB-70.xml;contents/text();unit_convert(LBS->KG);LBS;KG;2232.1;1012.463529;ok
XB-70;/Product/FuelStorage/Tank[6]/FuelType;aircraft/XB-70/XB-70.xml;type/text();direct;;;;;missing_optional
XB-70;/Product/FuelStorage/Tank[6]/Capacity;aircraft/XB-70/XB-70.xml;capacity/text();unit_convert(LBS->KG);LBS;KG;4464.3;2024.972417;ok
XB-70;/Product/FuelStorage/Tank[6]/Contents;aircraft/XB-70/XB-70.xml;contents/text();unit_convert(LBS->KG);LBS;KG;2232.1;1012.463529;ok
XB-70;/Product/ContactPoints/ContactPoint[0]/Name;aircraft/XB-70/XB-70.xml;@name;direct;;;NOSE_LG;NOSE_LG;ok
XB-70;/Product/ContactPoints/ContactPoint[0]/Type;aircraft/XB-70/XB-70.xml;@type;direct;;;BOGEY;BOGEY;ok
XB-70;/Product/ContactPoints/ContactPoint[0]/Retractable;aircraft/XB-70/XB-70.xml;retractable/text();direct;;;1;True;ok
XB-70;/Product/ContactPoints/ContactPoint[1]/Name;aircraft/XB-70/XB-70.xml;@name;direct;;;LEFT_MLG;LEFT_MLG;ok
XB-70;/Product/ContactPoints/ContactPoint[1]/Type;aircraft/XB-70/XB-70.xml;@type;direct;;;BOGEY;BOGEY;ok
XB-70;/Product/ContactPoints/ContactPoint[1]/Retractable;aircraft/XB-70/XB-70.xml;retractable/text();direct;;;1;True;ok
XB-70;/Product/ContactPoints/ContactPoint[2]/Name;aircraft/XB-70/XB-70.xml;@name;direct;;;RIGHT_MLG;RIGHT_MLG;ok
XB-70;/Product/ContactPoints/ContactPoint[2]/Type;aircraft/XB-70/XB-70.xml;@type;direct;;;BOGEY;BOGEY;ok
XB-70;/Product/ContactPoints/ContactPoint[2]/Retractable;aircraft/XB-70/XB-70.xml;retractable/text();direct;;;1;True;ok
XB-70;/Product/Systems/System[0]/Name;aircraft/XB-70/XB-70.xml;@name;direct;;;FCS: XB-70;FCS: XB-70;ok
XB-70;/Product/Systems/System[0]/Kind;aircraft/XB-70/XB-70.xml;local-name(.);direct;;;flight_control;flight_control;ok
XB-70;/Product/Systems/System[0]/SourceFile;aircraft/XB-70/XB-70.xml;@file;direct;;;;;missing_optional
ah1s;/Product/Identity/ProductId;;;derive:vehicle_id;;;;ah1s;ok
ah1s;/Product/Identity/Name;aircraft/ah1s/ah1s.xml;/fdm_config/@name;trim;;;ah1s-jsbsim;ah1s-jsbsim;ok
ah1s;/Product/Identity/Category;;;derive:category_override;;;;rotorcraft;ok
ah1s;/Product/Identity/Description;aircraft/ah1s/ah1s.xml;/fdm_config/fileheader/description/text();trim;;;Models a Bell209/AH1S helicopter.;Models a Bell209/AH1S helicopter.;ok
ah1s;/Product/Dimensions/WingArea;aircraft/ah1s/ah1s.xml;/fdm_config/metrics/wingarea/text();unit_convert(FT2->M2);FT2;M2;16.60;1.54219;ok
ah1s;/Product/Dimensions/WingSpan;aircraft/ah1s/ah1s.xml;/fdm_config/metrics/wingspan/text();unit_convert(FT->M);FT;M;10.75;3.2766;ok
ah1s;/Product/Dimensions/Chord;aircraft/ah1s/ah1s.xml;/fdm_config/metrics/chord/text();unit_convert(FT->M);FT;M;1.54;0.469392;ok
ah1s;/Product/Dimensions/HorizontalTailArea;aircraft/ah1s/ah1s.xml;/fdm_config/metrics/htailarea/text();unit_convert(FT2->M2);FT2;M2;12.00;1.114836;ok
ah1s;/Product/Dimensions/VerticalTailArea;aircraft/ah1s/ah1s.xml;/fdm_config/metrics/vtailarea/text();unit_convert(FT2->M2);FT2;M2;17.85;1.658319;ok
ah1s;/Product/Mass/EmptyWeight;aircraft/ah1s/ah1s.xml;/fdm_config/mass_balance/emptywt/text();unit_convert(LBS->KG);LBS;KG;8500.0;3855.535145;ok
ah1s;/Product/Mass/MomentOfInertia/Ixx;aircraft/ah1s/ah1s.xml;/fdm_config/mass_balance/ixx/text();unit_convert(SLUG*FT2->KG*M2);SLUG*FT2;KG*M2;2593.0;3515.635944;ok
ah1s;/Product/Mass/MomentOfInertia/Iyy;aircraft/ah1s/ah1s.xml;/fdm_config/mass_balance/iyy/text();unit_convert(SLUG*FT2->KG*M2);SLUG*FT2;KG*M2;14320.0;19415.313044;ok
ah1s;/Product/Mass/MomentOfInertia/Izz;aircraft/ah1s/ah1s.xml;/fdm_config/mass_balance/izz/text();unit_convert(SLUG*FT2->KG*M2);SLUG*FT2;KG*M2;12330.0;16717.235324;ok
ah1s;/Product/Mass/CenterOfGravity/x;aircraft/ah1s/ah1s.xml;/fdm_config/mass_balance/location[@name='CG']/x/text();unit_convert(IN->M);IN;M;172.0;4.3688;ok
ah1s;/Product/Mass/CenterOfGravity/y;aircraft/ah1s/ah1s.xml;/fdm_config/mass_balance/location[@name='CG']/y/text();unit_convert(IN->M);IN;M;0.0;0.0;ok
ah1s;/Product/Mass/CenterOfGravity/z;aircraft/ah1s/ah1s.xml;/fdm_config/mass_balance/location[@name='CG']/z/text();unit_convert(IN->M);IN;M;75.0;1.905;ok
ah1s;/Product/PerformanceData/HasAerodynamicsModel;aircraft/ah1s/ah1s.xml;boolean(/fdm_config/aerodynamics);direct;;;true;True;ok
ah1s;/Product/PerformanceData/AxisCount;aircraft/ah1s/ah1s.xml;count(/fdm_config/aerodynamics/axis);direct;;;5.0;5;ok
ah1s;/Product/PerformanceData/FunctionCount;aircraft/ah1s/ah1s.xml;count(/fdm_config/aerodynamics//function);direct;;;55.0;55;ok
ah1s;/Product/PerformanceData/AlphaLimits/Min;aircraft/ah1s/ah1s.xml;/fdm_config/aerodynamics/alphalimits/min/text();direct;;;;;missing_optional
ah1s;/Product/PerformanceData/AlphaLimits/Max;aircraft/ah1s/ah1s.xml;/fdm_config/aerodynamics/alphalimits/max/text();direct;;;;;missing_optional
ah1s;/Product/SourceMetadata/SourceFormat;;;constant;;;;JSBSim-ML;ok
ah1s;/Product/SourceMetadata/SourceRepository;;;constant;;;;https://github.com/JSBSim-Team/jsbsim;ok
ah1s;/Product/SourceMetadata/SourceCommit;;;constant;;;;506773ad3790a5a621445631613faf51a15284e7;ok
ah1s;/Product/SourceMetadata/SourceMasterFile;;;derive:source_master_path;;;;aircraft/ah1s/ah1s.xml;ok
ah1s;/Product/SourceMetadata/License;;;constant;;;;"LGPL-2.1 (depot JSBSim) ; donnees de simulation, non certifiees constructeur ; voir datasets/jsbsim_reference/README.md";ok
ah1s;/Product/SourceMetadata/ExtractedAt;;;derive:run_timestamp;;;;2026-09-12T22:28:57+00:00;ok
ah1s;/Product/SourceMetadata/ResolutionStatus;;;derive:resolution_status;;;;complete;ok
ah1s;/Product/Propulsion/Engine[0]/Model;aircraft/ah1s/ah1s.xml;@file;direct;;;electric_1500hp;electric_1500hp;ok
ah1s;/Product/Propulsion/Engine[0]/Type;aircraft/ah1s/Engines/electric_1500hp.xml;local-name(/*);lookup(engine_type_enum);;;electric_engine;electric;ok
ah1s;/Product/Propulsion/Engine[0]/ThrusterModel;aircraft/ah1s/ah1s.xml;thruster/@file;direct;;;ah1s_rotor;ah1s_rotor;ok
ah1s;/Product/Propulsion/Engine[0]/ThrusterType;aircraft/ah1s/Engines/ah1s_rotor.xml;local-name(/*);lookup(thruster_type_enum);;;rotor;rotor;ok
ah1s;/Product/Propulsion/Engine[0]/SourceFile;aircraft/ah1s/ah1s.xml;@file;resolve_ref->path;;;electric_1500hp;aircraft/ah1s/Engines/electric_1500hp.xml;ok
ah1s;/Product/Propulsion/Engine[1]/Model;aircraft/ah1s/ah1s.xml;@file;direct;;;electric_1hp_dummy;electric_1hp_dummy;ok
ah1s;/Product/Propulsion/Engine[1]/Type;aircraft/ah1s/Engines/electric_1hp_dummy.xml;local-name(/*);lookup(engine_type_enum);;;electric_engine;electric;ok
ah1s;/Product/Propulsion/Engine[1]/ThrusterModel;aircraft/ah1s/ah1s.xml;thruster/@file;direct;;;ah1s_tail_rotor;ah1s_tail_rotor;ok
ah1s;/Product/Propulsion/Engine[1]/ThrusterType;aircraft/ah1s/Engines/ah1s_tail_rotor.xml;local-name(/*);lookup(thruster_type_enum);;;rotor;rotor;ok
ah1s;/Product/Propulsion/Engine[1]/SourceFile;aircraft/ah1s/ah1s.xml;@file;resolve_ref->path;;;electric_1hp_dummy;aircraft/ah1s/Engines/electric_1hp_dummy.xml;ok
ah1s;/Product/FuelStorage/Tank[0]/FuelType;aircraft/ah1s/ah1s.xml;type/text();direct;;;JP-5;JP-5;ok
ah1s;/Product/FuelStorage/Tank[0]/Capacity;aircraft/ah1s/ah1s.xml;capacity/text();unit_convert(LBS->KG);LBS;KG;890.0;403.697209;ok
ah1s;/Product/FuelStorage/Tank[0]/Contents;aircraft/ah1s/ah1s.xml;contents/text();unit_convert(LBS->KG);LBS;KG;0.0;0.0;ok
ah1s;/Product/FuelStorage/Tank[1]/FuelType;aircraft/ah1s/ah1s.xml;type/text();direct;;;JP-5;JP-5;ok
ah1s;/Product/FuelStorage/Tank[1]/Capacity;aircraft/ah1s/ah1s.xml;capacity/text();unit_convert(LBS->KG);LBS;KG;890.0;403.697209;ok
ah1s;/Product/FuelStorage/Tank[1]/Contents;aircraft/ah1s/ah1s.xml;contents/text();unit_convert(LBS->KG);LBS;KG;0.0;0.0;ok
ah1s;/Product/ContactPoints/ContactPoint[0]/Name;aircraft/ah1s/ah1s.xml;@name;direct;;;skid_front_left;skid_front_left;ok
ah1s;/Product/ContactPoints/ContactPoint[0]/Type;aircraft/ah1s/ah1s.xml;@type;direct;;;BOGEY;BOGEY;ok
ah1s;/Product/ContactPoints/ContactPoint[0]/Retractable;aircraft/ah1s/ah1s.xml;retractable/text();direct;;;;;missing_optional
ah1s;/Product/ContactPoints/ContactPoint[1]/Name;aircraft/ah1s/ah1s.xml;@name;direct;;;skid_front_right;skid_front_right;ok
ah1s;/Product/ContactPoints/ContactPoint[1]/Type;aircraft/ah1s/ah1s.xml;@type;direct;;;BOGEY;BOGEY;ok
ah1s;/Product/ContactPoints/ContactPoint[1]/Retractable;aircraft/ah1s/ah1s.xml;retractable/text();direct;;;;;missing_optional
ah1s;/Product/ContactPoints/ContactPoint[2]/Name;aircraft/ah1s/ah1s.xml;@name;direct;;;skid_rear_left;skid_rear_left;ok
ah1s;/Product/ContactPoints/ContactPoint[2]/Type;aircraft/ah1s/ah1s.xml;@type;direct;;;BOGEY;BOGEY;ok
ah1s;/Product/ContactPoints/ContactPoint[2]/Retractable;aircraft/ah1s/ah1s.xml;retractable/text();direct;;;;;missing_optional
ah1s;/Product/ContactPoints/ContactPoint[3]/Name;aircraft/ah1s/ah1s.xml;@name;direct;;;skid_rear_right;skid_rear_right;ok
ah1s;/Product/ContactPoints/ContactPoint[3]/Type;aircraft/ah1s/ah1s.xml;@type;direct;;;BOGEY;BOGEY;ok
ah1s;/Product/ContactPoints/ContactPoint[3]/Retractable;aircraft/ah1s/ah1s.xml;retractable/text();direct;;;;;missing_optional
ah1s;/Product/ContactPoints/ContactPoint[4]/Name;aircraft/ah1s/ah1s.xml;@name;direct;;;bumper_rear;bumper_rear;ok
ah1s;/Product/ContactPoints/ContactPoint[4]/Type;aircraft/ah1s/ah1s.xml;@type;direct;;;STRUCTURE;STRUCTURE;ok
ah1s;/Product/ContactPoints/ContactPoint[4]/Retractable;aircraft/ah1s/ah1s.xml;retractable/text();direct;;;;;missing_optional
ah1s;/Product/Systems/System[0]/Name;aircraft/ah1s/ah1s.xml;@name;direct;;;;;default_used
ah1s;/Product/Systems/System[0]/Kind;aircraft/ah1s/ah1s.xml;local-name(.);direct;;;system;system;ok
ah1s;/Product/Systems/System[0]/SourceFile;aircraft/ah1s/ah1s.xml;@file;direct;;;rpm_governor;rpm_governor;ok
ah1s;/Product/Systems/System[1]/Name;aircraft/ah1s/ah1s.xml;@name;direct;;;;;default_used
ah1s;/Product/Systems/System[1]/Kind;aircraft/ah1s/ah1s.xml;local-name(.);direct;;;system;system;ok
ah1s;/Product/Systems/System[1]/SourceFile;aircraft/ah1s/ah1s.xml;@file;direct;;;rotor_control;rotor_control;ok
ah1s;/Product/Systems/System[2]/Name;aircraft/ah1s/ah1s.xml;@name;direct;;;;;default_used
ah1s;/Product/Systems/System[2]/Kind;aircraft/ah1s/ah1s.xml;local-name(.);direct;;;system;system;ok
ah1s;/Product/Systems/System[2]/SourceFile;aircraft/ah1s/ah1s.xml;@file;direct;;;afcs;afcs;ok
ah1s;/Product/Systems/System[3]/Name;aircraft/ah1s/ah1s.xml;@name;direct;;;;;default_used
ah1s;/Product/Systems/System[3]/Kind;aircraft/ah1s/ah1s.xml;local-name(.);direct;;;system;system;ok
ah1s;/Product/Systems/System[3]/SourceFile;aircraft/ah1s/ah1s.xml;@file;direct;;;steady_flight_data;steady_flight_data;ok
ah1s;/Product/Systems/System[4]/Name;aircraft/ah1s/ah1s.xml;@name;direct;;;;;default_used
ah1s;/Product/Systems/System[4]/Kind;aircraft/ah1s/ah1s.xml;local-name(.);direct;;;system;system;ok
ah1s;/Product/Systems/System[4]/SourceFile;aircraft/ah1s/ah1s.xml;@file;direct;;;trim_control;trim_control;ok
ah1s;/Product/Systems/System[5]/Name;aircraft/ah1s/ah1s.xml;@name;direct;;;misc support;misc support;ok
ah1s;/Product/Systems/System[5]/Kind;aircraft/ah1s/ah1s.xml;local-name(.);direct;;;system;system;ok
ah1s;/Product/Systems/System[5]/SourceFile;aircraft/ah1s/ah1s.xml;@file;direct;;;;;missing_optional
ah1s;/Product/Systems/System[6]/Name;aircraft/ah1s/ah1s.xml;@name;direct;;;ah1s fcs;ah1s fcs;ok
ah1s;/Product/Systems/System[6]/Kind;aircraft/ah1s/ah1s.xml;local-name(.);direct;;;flight_control;flight_control;ok
ah1s;/Product/Systems/System[6]/SourceFile;aircraft/ah1s/ah1s.xml;@file;direct;;;;;missing_optional
c172p;/Product/Identity/ProductId;;;derive:vehicle_id;;;;c172p;ok
c172p;/Product/Identity/Name;aircraft/c172p/c172p.xml;/fdm_config/@name;trim;;;c172;c172;ok
c172p;/Product/Identity/Category;;;derive:category_override;;;;aircraft;ok
c172p;/Product/Identity/Description;aircraft/c172p/c172p.xml;/fdm_config/fileheader/description/text();trim;;;Cessna C-172;Cessna C-172;ok
c172p;/Product/Dimensions/WingArea;aircraft/c172p/c172p.xml;/fdm_config/metrics/wingarea/text();unit_convert(FT2->M2);FT2;M2;174;16.165129;ok
c172p;/Product/Dimensions/WingSpan;aircraft/c172p/c172p.xml;/fdm_config/metrics/wingspan/text();unit_convert(FT->M);FT;M;35.8;10.91184;ok
c172p;/Product/Dimensions/Chord;aircraft/c172p/c172p.xml;/fdm_config/metrics/chord/text();unit_convert(FT->M);FT;M;4.9;1.49352;ok
c172p;/Product/Dimensions/HorizontalTailArea;aircraft/c172p/c172p.xml;/fdm_config/metrics/htailarea/text();unit_convert(FT2->M2);FT2;M2;21.9;2.034577;ok
c172p;/Product/Dimensions/VerticalTailArea;aircraft/c172p/c172p.xml;/fdm_config/metrics/vtailarea/text();unit_convert(FT2->M2);FT2;M2;16.5;1.5329;ok
c172p;/Product/Mass/EmptyWeight;aircraft/c172p/c172p.xml;/fdm_config/mass_balance/emptywt/text();unit_convert(LBS->KG);LBS;KG;1500;680.388555;ok
c172p;/Product/Mass/MomentOfInertia/Ixx;aircraft/c172p/c172p.xml;/fdm_config/mass_balance/ixx/text();unit_convert(SLUG*FT2->KG*M2);SLUG*FT2;KG*M2;948;1285.315417;ok
c172p;/Product/Mass/MomentOfInertia/Iyy;aircraft/c172p/c172p.xml;/fdm_config/mass_balance/iyy/text();unit_convert(SLUG*FT2->KG*M2);SLUG*FT2;KG*M2;1346;1824.930961;ok
c172p;/Product/Mass/MomentOfInertia/Izz;aircraft/c172p/c172p.xml;/fdm_config/mass_balance/izz/text();unit_convert(SLUG*FT2->KG*M2);SLUG*FT2;KG*M2;1967;2666.893908;ok
c172p;/Product/Mass/CenterOfGravity/x;aircraft/c172p/c172p.xml;/fdm_config/mass_balance/location[@name='CG']/x/text();unit_convert(IN->M);IN;M;41;1.0414;ok
c172p;/Product/Mass/CenterOfGravity/y;aircraft/c172p/c172p.xml;/fdm_config/mass_balance/location[@name='CG']/y/text();unit_convert(IN->M);IN;M;0;0.0;ok
c172p;/Product/Mass/CenterOfGravity/z;aircraft/c172p/c172p.xml;/fdm_config/mass_balance/location[@name='CG']/z/text();unit_convert(IN->M);IN;M;36.5;0.9271;ok
c172p;/Product/PerformanceData/HasAerodynamicsModel;aircraft/c172p/c172p.xml;boolean(/fdm_config/aerodynamics);direct;;;true;True;ok
c172p;/Product/PerformanceData/AxisCount;aircraft/c172p/c172p.xml;count(/fdm_config/aerodynamics/axis);direct;;;6.0;6;ok
c172p;/Product/PerformanceData/FunctionCount;aircraft/c172p/c172p.xml;count(/fdm_config/aerodynamics//function);direct;;;35.0;35;ok
c172p;/Product/PerformanceData/AlphaLimits/Min;aircraft/c172p/c172p.xml;/fdm_config/aerodynamics/alphalimits/min/text();unit_convert(RAD->RAD);RAD;RAD;-0.087;-0.087;ok
c172p;/Product/PerformanceData/AlphaLimits/Max;aircraft/c172p/c172p.xml;/fdm_config/aerodynamics/alphalimits/max/text();unit_convert(RAD->RAD);RAD;RAD;0.28;0.28;ok
c172p;/Product/SourceMetadata/SourceFormat;;;constant;;;;JSBSim-ML;ok
c172p;/Product/SourceMetadata/SourceRepository;;;constant;;;;https://github.com/JSBSim-Team/jsbsim;ok
c172p;/Product/SourceMetadata/SourceCommit;;;constant;;;;506773ad3790a5a621445631613faf51a15284e7;ok
c172p;/Product/SourceMetadata/SourceMasterFile;;;derive:source_master_path;;;;aircraft/c172p/c172p.xml;ok
c172p;/Product/SourceMetadata/License;;;constant;;;;"LGPL-2.1 (depot JSBSim) ; donnees de simulation, non certifiees constructeur ; voir datasets/jsbsim_reference/README.md";ok
c172p;/Product/SourceMetadata/ExtractedAt;;;derive:run_timestamp;;;;2026-09-12T22:28:57+00:00;ok
c172p;/Product/SourceMetadata/ResolutionStatus;;;derive:resolution_status;;;;complete;ok
c172p;/Product/Propulsion/Engine[0]/Model;aircraft/c172p/c172p.xml;@file;direct;;;eng_io320;eng_io320;ok
c172p;/Product/Propulsion/Engine[0]/Type;engine/eng_io320.xml;local-name(/*);lookup(engine_type_enum);;;piston_engine;piston;ok
c172p;/Product/Propulsion/Engine[0]/ThrusterModel;aircraft/c172p/c172p.xml;thruster/@file;direct;;;prop_75in2f;prop_75in2f;ok
c172p;/Product/Propulsion/Engine[0]/ThrusterType;engine/prop_75in2f.xml;local-name(/*);lookup(thruster_type_enum);;;propeller;propeller;ok
c172p;/Product/Propulsion/Engine[0]/SourceFile;aircraft/c172p/c172p.xml;@file;resolve_ref->path;;;eng_io320;engine/eng_io320.xml;ok
c172p;/Product/FuelStorage/Tank[0]/FuelType;aircraft/c172p/c172p.xml;type/text();direct;;;;;missing_optional
c172p;/Product/FuelStorage/Tank[0]/Capacity;aircraft/c172p/c172p.xml;capacity/text();unit_convert(LBS->KG);LBS;KG;185;83.914588;ok
c172p;/Product/FuelStorage/Tank[0]/Contents;aircraft/c172p/c172p.xml;contents/text();unit_convert(LBS->KG);LBS;KG;100;45.359237;ok
c172p;/Product/FuelStorage/Tank[1]/FuelType;aircraft/c172p/c172p.xml;type/text();direct;;;;;missing_optional
c172p;/Product/FuelStorage/Tank[1]/Capacity;aircraft/c172p/c172p.xml;capacity/text();unit_convert(LBS->KG);LBS;KG;185;83.914588;ok
c172p;/Product/FuelStorage/Tank[1]/Contents;aircraft/c172p/c172p.xml;contents/text();unit_convert(LBS->KG);LBS;KG;100;45.359237;ok
c172p;/Product/ContactPoints/ContactPoint[0]/Name;aircraft/c172p/c172p.xml;@name;direct;;;NOSE;NOSE;ok
c172p;/Product/ContactPoints/ContactPoint[0]/Type;aircraft/c172p/c172p.xml;@type;direct;;;BOGEY;BOGEY;ok
c172p;/Product/ContactPoints/ContactPoint[0]/Retractable;aircraft/c172p/c172p.xml;retractable/text();direct;;;0;False;ok
c172p;/Product/ContactPoints/ContactPoint[1]/Name;aircraft/c172p/c172p.xml;@name;direct;;;LEFT_MAIN;LEFT_MAIN;ok
c172p;/Product/ContactPoints/ContactPoint[1]/Type;aircraft/c172p/c172p.xml;@type;direct;;;BOGEY;BOGEY;ok
c172p;/Product/ContactPoints/ContactPoint[1]/Retractable;aircraft/c172p/c172p.xml;retractable/text();direct;;;0;False;ok
c172p;/Product/ContactPoints/ContactPoint[2]/Name;aircraft/c172p/c172p.xml;@name;direct;;;RIGHT_MAIN;RIGHT_MAIN;ok
c172p;/Product/ContactPoints/ContactPoint[2]/Type;aircraft/c172p/c172p.xml;@type;direct;;;BOGEY;BOGEY;ok
c172p;/Product/ContactPoints/ContactPoint[2]/Retractable;aircraft/c172p/c172p.xml;retractable/text();direct;;;0;False;ok
c172p;/Product/ContactPoints/ContactPoint[3]/Name;aircraft/c172p/c172p.xml;@name;direct;;;NOSE_SKID;NOSE_SKID;ok
c172p;/Product/ContactPoints/ContactPoint[3]/Type;aircraft/c172p/c172p.xml;@type;direct;;;STRUCTURE;STRUCTURE;ok
c172p;/Product/ContactPoints/ContactPoint[3]/Retractable;aircraft/c172p/c172p.xml;retractable/text();direct;;;;;missing_optional
c172p;/Product/ContactPoints/ContactPoint[4]/Name;aircraft/c172p/c172p.xml;@name;direct;;;TAIL_SKID;TAIL_SKID;ok
c172p;/Product/ContactPoints/ContactPoint[4]/Type;aircraft/c172p/c172p.xml;@type;direct;;;STRUCTURE;STRUCTURE;ok
c172p;/Product/ContactPoints/ContactPoint[4]/Retractable;aircraft/c172p/c172p.xml;retractable/text();direct;;;;;missing_optional
c172p;/Product/ContactPoints/ContactPoint[5]/Name;aircraft/c172p/c172p.xml;@name;direct;;;LEFT_TIP;LEFT_TIP;ok
c172p;/Product/ContactPoints/ContactPoint[5]/Type;aircraft/c172p/c172p.xml;@type;direct;;;STRUCTURE;STRUCTURE;ok
c172p;/Product/ContactPoints/ContactPoint[5]/Retractable;aircraft/c172p/c172p.xml;retractable/text();direct;;;;;missing_optional
c172p;/Product/ContactPoints/ContactPoint[6]/Name;aircraft/c172p/c172p.xml;@name;direct;;;RIGHT_TIP;RIGHT_TIP;ok
c172p;/Product/ContactPoints/ContactPoint[6]/Type;aircraft/c172p/c172p.xml;@type;direct;;;STRUCTURE;STRUCTURE;ok
c172p;/Product/ContactPoints/ContactPoint[6]/Retractable;aircraft/c172p/c172p.xml;retractable/text();direct;;;;;missing_optional
c172p;/Product/Systems/System[0]/Name;aircraft/c172p/c172p.xml;@name;direct;;;FCS: c172;FCS: c172;ok
c172p;/Product/Systems/System[0]/Kind;aircraft/c172p/c172p.xml;local-name(.);direct;;;flight_control;flight_control;ok
c172p;/Product/Systems/System[0]/SourceFile;aircraft/c172p/c172p.xml;@file;direct;;;;;missing_optional
dr1;/Product/Identity/ProductId;;;derive:vehicle_id;;;;dr1;ok
dr1;/Product/Identity/Name;aircraft/dr1/dr1.xml;/fdm_config/@name;trim;;;Fokker Dr.1;Fokker Dr.1;ok
dr1;/Product/Identity/Category;;;derive:category_override;;;;aircraft;ok
dr1;/Product/Identity/Description;aircraft/dr1/dr1.xml;/fdm_config/fileheader/description/text();trim;;;Models a Fokker Dr.1.;Models a Fokker Dr.1.;ok
dr1;/Product/Dimensions/WingArea;aircraft/dr1/dr1.xml;/fdm_config/metrics/wingarea/text();unit_convert(FT2->M2);FT2;M2;201.31;18.702311;ok
dr1;/Product/Dimensions/WingSpan;aircraft/dr1/dr1.xml;/fdm_config/metrics/wingspan/text();unit_convert(FT->M);FT;M;23.62;7.199376;ok
dr1;/Product/Dimensions/Chord;aircraft/dr1/dr1.xml;/fdm_config/metrics/chord/text();unit_convert(FT->M);FT;M;8.52;2.596896;ok
dr1;/Product/Dimensions/HorizontalTailArea;aircraft/dr1/dr1.xml;/fdm_config/metrics/htailarea/text();unit_convert(FT2->M2);FT2;M2;32.21;2.992407;ok
dr1;/Product/Dimensions/VerticalTailArea;aircraft/dr1/dr1.xml;/fdm_config/metrics/vtailarea/text();unit_convert(FT2->M2);FT2;M2;20.13;1.870138;ok
dr1;/Product/Mass/EmptyWeight;aircraft/dr1/dr1.xml;/fdm_config/mass_balance/emptywt/text();unit_convert(LBS->KG);LBS;KG;895;405.965171;ok
dr1;/Product/Mass/MomentOfInertia/Ixx;aircraft/dr1/dr1.xml;/fdm_config/mass_balance/ixx/text();unit_convert(SLUG*FT2->KG*M2);SLUG*FT2;KG*M2;368.55;499.686705;ok
dr1;/Product/Mass/MomentOfInertia/Iyy;aircraft/dr1/dr1.xml;/fdm_config/mass_balance/iyy/text();unit_convert(SLUG*FT2->KG*M2);SLUG*FT2;KG*M2;522.24;708.062366;ok
dr1;/Product/Mass/MomentOfInertia/Izz;aircraft/dr1/dr1.xml;/fdm_config/mass_balance/izz/text();unit_convert(SLUG*FT2->KG*M2);SLUG*FT2;KG*M2;731.37;991.604574;ok
dr1;/Product/Mass/CenterOfGravity/x;aircraft/dr1/dr1.xml;/fdm_config/mass_balance/location[@name='CG']/x/text();unit_convert(IN->M);IN;M;0.00;0.0;ok
dr1;/Product/Mass/CenterOfGravity/y;aircraft/dr1/dr1.xml;/fdm_config/mass_balance/location[@name='CG']/y/text();unit_convert(IN->M);IN;M;0.00;0.0;ok
dr1;/Product/Mass/CenterOfGravity/z;aircraft/dr1/dr1.xml;/fdm_config/mass_balance/location[@name='CG']/z/text();unit_convert(IN->M);IN;M;-5.68;-0.144272;ok
dr1;/Product/PerformanceData/HasAerodynamicsModel;aircraft/dr1/dr1.xml;boolean(/fdm_config/aerodynamics);direct;;;true;True;ok
dr1;/Product/PerformanceData/AxisCount;aircraft/dr1/dr1.xml;count(/fdm_config/aerodynamics/axis);direct;;;6.0;6;ok
dr1;/Product/PerformanceData/FunctionCount;aircraft/dr1/dr1.xml;count(/fdm_config/aerodynamics//function);direct;;;27.0;27;ok
dr1;/Product/PerformanceData/AlphaLimits/Min;aircraft/dr1/dr1.xml;/fdm_config/aerodynamics/alphalimits/min/text();direct;;;;;missing_optional
dr1;/Product/PerformanceData/AlphaLimits/Max;aircraft/dr1/dr1.xml;/fdm_config/aerodynamics/alphalimits/max/text();direct;;;;;missing_optional
dr1;/Product/SourceMetadata/SourceFormat;;;constant;;;;JSBSim-ML;ok
dr1;/Product/SourceMetadata/SourceRepository;;;constant;;;;https://github.com/JSBSim-Team/jsbsim;ok
dr1;/Product/SourceMetadata/SourceCommit;;;constant;;;;506773ad3790a5a621445631613faf51a15284e7;ok
dr1;/Product/SourceMetadata/SourceMasterFile;;;derive:source_master_path;;;;aircraft/dr1/dr1.xml;ok
dr1;/Product/SourceMetadata/License;;;constant;;;;"LGPL-2.1 (depot JSBSim) ; donnees de simulation, non certifiees constructeur ; voir datasets/jsbsim_reference/README.md";ok
dr1;/Product/SourceMetadata/ExtractedAt;;;derive:run_timestamp;;;;2026-09-12T22:28:57+00:00;ok
dr1;/Product/SourceMetadata/ResolutionStatus;;;derive:resolution_status;;;;complete;ok
dr1;/Product/Propulsion/Engine[0]/Model;aircraft/dr1/dr1.xml;@file;direct;;;Oberursel-UrII;Oberursel-UrII;ok
dr1;/Product/Propulsion/Engine[0]/Type;engine/Oberursel-UrII.xml;local-name(/*);lookup(engine_type_enum);;;piston_engine;piston;ok
dr1;/Product/Propulsion/Engine[0]/ThrusterModel;aircraft/dr1/dr1.xml;thruster/@file;direct;;;Dr1_propeller;Dr1_propeller;ok
dr1;/Product/Propulsion/Engine[0]/ThrusterType;engine/Dr1_propeller.xml;local-name(/*);lookup(thruster_type_enum);;;propeller;propeller;ok
dr1;/Product/Propulsion/Engine[0]/SourceFile;aircraft/dr1/dr1.xml;@file;resolve_ref->path;;;Oberursel-UrII;engine/Oberursel-UrII.xml;ok
dr1;/Product/FuelStorage/Tank[0]/FuelType;aircraft/dr1/dr1.xml;type/text();direct;;;;;missing_optional
dr1;/Product/FuelStorage/Tank[0]/Capacity;aircraft/dr1/dr1.xml;capacity/text();unit_convert(LBS->KG);LBS;KG;125.00;56.699046;ok
dr1;/Product/FuelStorage/Tank[0]/Contents;aircraft/dr1/dr1.xml;contents/text();unit_convert(LBS->KG);LBS;KG;50.00;22.679619;ok
dr1;/Product/ContactPoints/ContactPoint[0]/Name;aircraft/dr1/dr1.xml;@name;direct;;;LEFT_MAIN;LEFT_MAIN;ok
dr1;/Product/ContactPoints/ContactPoint[0]/Type;aircraft/dr1/dr1.xml;@type;direct;;;BOGEY;BOGEY;ok
dr1;/Product/ContactPoints/ContactPoint[0]/Retractable;aircraft/dr1/dr1.xml;retractable/text();direct;;;0;False;ok
dr1;/Product/ContactPoints/ContactPoint[1]/Name;aircraft/dr1/dr1.xml;@name;direct;;;RIGHT_MAIN;RIGHT_MAIN;ok
dr1;/Product/ContactPoints/ContactPoint[1]/Type;aircraft/dr1/dr1.xml;@type;direct;;;BOGEY;BOGEY;ok
dr1;/Product/ContactPoints/ContactPoint[1]/Retractable;aircraft/dr1/dr1.xml;retractable/text();direct;;;0;False;ok
dr1;/Product/ContactPoints/ContactPoint[2]/Name;aircraft/dr1/dr1.xml;@name;direct;;;TAIL_SKID;TAIL_SKID;ok
dr1;/Product/ContactPoints/ContactPoint[2]/Type;aircraft/dr1/dr1.xml;@type;direct;;;BOGEY;BOGEY;ok
dr1;/Product/ContactPoints/ContactPoint[2]/Retractable;aircraft/dr1/dr1.xml;retractable/text();direct;;;0;False;ok
dr1;/Product/ContactPoints/ContactPoint[3]/Name;aircraft/dr1/dr1.xml;@name;direct;;;TAIL;TAIL;ok
dr1;/Product/ContactPoints/ContactPoint[3]/Type;aircraft/dr1/dr1.xml;@type;direct;;;STRUCTURE;STRUCTURE;ok
dr1;/Product/ContactPoints/ContactPoint[3]/Retractable;aircraft/dr1/dr1.xml;retractable/text();direct;;;0;False;ok
dr1;/Product/ContactPoints/ContactPoint[4]/Name;aircraft/dr1/dr1.xml;@name;direct;;;RUDDER_TOP;RUDDER_TOP;ok
dr1;/Product/ContactPoints/ContactPoint[4]/Type;aircraft/dr1/dr1.xml;@type;direct;;;STRUCTURE;STRUCTURE;ok
dr1;/Product/ContactPoints/ContactPoint[4]/Retractable;aircraft/dr1/dr1.xml;retractable/text();direct;;;0;False;ok
dr1;/Product/ContactPoints/ContactPoint[5]/Name;aircraft/dr1/dr1.xml;@name;direct;;;LEFT_UPPER_WING;LEFT_UPPER_WING;ok
dr1;/Product/ContactPoints/ContactPoint[5]/Type;aircraft/dr1/dr1.xml;@type;direct;;;STRUCTURE;STRUCTURE;ok
dr1;/Product/ContactPoints/ContactPoint[5]/Retractable;aircraft/dr1/dr1.xml;retractable/text();direct;;;;;missing_optional
dr1;/Product/ContactPoints/ContactPoint[6]/Name;aircraft/dr1/dr1.xml;@name;direct;;;RIGHT_UPPER_WING;RIGHT_UPPER_WING;ok
dr1;/Product/ContactPoints/ContactPoint[6]/Type;aircraft/dr1/dr1.xml;@type;direct;;;STRUCTURE;STRUCTURE;ok
dr1;/Product/ContactPoints/ContactPoint[6]/Retractable;aircraft/dr1/dr1.xml;retractable/text();direct;;;;;missing_optional
dr1;/Product/ContactPoints/ContactPoint[7]/Name;aircraft/dr1/dr1.xml;@name;direct;;;LEFT_LOWER_WING;LEFT_LOWER_WING;ok
dr1;/Product/ContactPoints/ContactPoint[7]/Type;aircraft/dr1/dr1.xml;@type;direct;;;STRUCTURE;STRUCTURE;ok
dr1;/Product/ContactPoints/ContactPoint[7]/Retractable;aircraft/dr1/dr1.xml;retractable/text();direct;;;;;missing_optional
dr1;/Product/ContactPoints/ContactPoint[8]/Name;aircraft/dr1/dr1.xml;@name;direct;;;RIGHT_LOWER_WING;RIGHT_LOWER_WING;ok
dr1;/Product/ContactPoints/ContactPoint[8]/Type;aircraft/dr1/dr1.xml;@type;direct;;;STRUCTURE;STRUCTURE;ok
dr1;/Product/ContactPoints/ContactPoint[8]/Retractable;aircraft/dr1/dr1.xml;retractable/text();direct;;;;;missing_optional
dr1;/Product/Systems/System[0]/Name;aircraft/dr1/dr1.xml;@name;direct;;;;;default_used
dr1;/Product/Systems/System[0]/Kind;aircraft/dr1/dr1.xml;local-name(.);direct;;;system;system;ok
dr1;/Product/Systems/System[0]/SourceFile;aircraft/dr1/dr1.xml;@file;direct;;;pushback;pushback;ok
dr1;/Product/Systems/System[1]/Name;aircraft/dr1/dr1.xml;@name;direct;;;FCS: Fokker Dr.1;FCS: Fokker Dr.1;ok
dr1;/Product/Systems/System[1]/Kind;aircraft/dr1/dr1.xml;local-name(.);direct;;;flight_control;flight_control;ok
dr1;/Product/Systems/System[1]/SourceFile;aircraft/dr1/dr1.xml;@file;direct;;;;;missing_optional
f16;/Product/Identity/ProductId;;;derive:vehicle_id;;;;f16;ok
f16;/Product/Identity/Name;aircraft/f16/f16.xml;/fdm_config/@name;trim;;;General Dynamics F-16A;General Dynamics F-16A;ok
f16;/Product/Identity/Category;;;derive:category_override;;;;aircraft;ok
f16;/Product/Identity/Description;aircraft/f16/f16.xml;/fdm_config/fileheader/description/text();trim;;;Models an F-16A Block-32 (Basic US configuration);Models an F-16A Block-32 (Basic US configuration);ok
f16;/Product/Dimensions/WingArea;aircraft/f16/f16.xml;/fdm_config/metrics/wingarea/text();unit_convert(FT2->M2);FT2;M2;300;27.870912;ok
f16;/Product/Dimensions/WingSpan;aircraft/f16/f16.xml;/fdm_config/metrics/wingspan/text();unit_convert(FT->M);FT;M;30;9.144;ok
f16;/Product/Dimensions/Chord;aircraft/f16/f16.xml;/fdm_config/metrics/chord/text();unit_convert(FT->M);FT;M;11.32;3.450336;ok
f16;/Product/Dimensions/HorizontalTailArea;aircraft/f16/f16.xml;/fdm_config/metrics/htailarea/text();unit_convert(FT2->M2);FT2;M2;63.7;5.917924;ok
f16;/Product/Dimensions/VerticalTailArea;aircraft/f16/f16.xml;/fdm_config/metrics/vtailarea/text();unit_convert(FT2->M2);FT2;M2;54.75;5.086441;ok
f16;/Product/Mass/EmptyWeight;aircraft/f16/f16.xml;/fdm_config/mass_balance/emptywt/text();unit_convert(LBS->KG);LBS;KG;17400;7892.507238;ok
f16;/Product/Mass/MomentOfInertia/Ixx;aircraft/f16/f16.xml;/fdm_config/mass_balance/ixx/text();unit_convert(SLUG*FT2->KG*M2);SLUG*FT2;KG*M2;9496;12874.847253;ok
f16;/Product/Mass/MomentOfInertia/Iyy;aircraft/f16/f16.xml;/fdm_config/mass_balance/iyy/text();unit_convert(SLUG*FT2->KG*M2);SLUG*FT2;KG*M2;55814;75673.623061;ok
f16;/Product/Mass/MomentOfInertia/Izz;aircraft/f16/f16.xml;/fdm_config/mass_balance/izz/text();unit_convert(SLUG*FT2->KG*M2);SLUG*FT2;KG*M2;63100;85552.112645;ok
f16;/Product/Mass/CenterOfGravity/x;aircraft/f16/f16.xml;/fdm_config/mass_balance/location[@name='CG']/x/text();unit_convert(IN->M);IN;M;-193;-4.9022;ok
f16;/Product/Mass/CenterOfGravity/y;aircraft/f16/f16.xml;/fdm_config/mass_balance/location[@name='CG']/y/text();unit_convert(IN->M);IN;M;0;0.0;ok
f16;/Product/Mass/CenterOfGravity/z;aircraft/f16/f16.xml;/fdm_config/mass_balance/location[@name='CG']/z/text();unit_convert(IN->M);IN;M;-5.1;-0.12954;ok
f16;/Product/PerformanceData/HasAerodynamicsModel;aircraft/f16/f16.xml;boolean(/fdm_config/aerodynamics);direct;;;true;True;ok
f16;/Product/PerformanceData/AxisCount;aircraft/f16/f16.xml;count(/fdm_config/aerodynamics/axis);direct;;;6.0;6;ok
f16;/Product/PerformanceData/FunctionCount;aircraft/f16/f16.xml;count(/fdm_config/aerodynamics//function);direct;;;41.0;41;ok
f16;/Product/PerformanceData/AlphaLimits/Min;aircraft/f16/f16.xml;/fdm_config/aerodynamics/alphalimits/min/text();direct;;;;;missing_optional
f16;/Product/PerformanceData/AlphaLimits/Max;aircraft/f16/f16.xml;/fdm_config/aerodynamics/alphalimits/max/text();direct;;;;;missing_optional
f16;/Product/SourceMetadata/SourceFormat;;;constant;;;;JSBSim-ML;ok
f16;/Product/SourceMetadata/SourceRepository;;;constant;;;;https://github.com/JSBSim-Team/jsbsim;ok
f16;/Product/SourceMetadata/SourceCommit;;;constant;;;;506773ad3790a5a621445631613faf51a15284e7;ok
f16;/Product/SourceMetadata/SourceMasterFile;;;derive:source_master_path;;;;aircraft/f16/f16.xml;ok
f16;/Product/SourceMetadata/License;;;constant;;;;"LGPL-2.1 (depot JSBSim) ; donnees de simulation, non certifiees constructeur ; voir datasets/jsbsim_reference/README.md";ok
f16;/Product/SourceMetadata/ExtractedAt;;;derive:run_timestamp;;;;2026-09-12T22:28:57+00:00;ok
f16;/Product/SourceMetadata/ResolutionStatus;;;derive:resolution_status;;;;complete;ok
f16;/Product/Propulsion/Engine[0]/Model;aircraft/f16/f16.xml;@file;direct;;;F100-PW-229;F100-PW-229;ok
f16;/Product/Propulsion/Engine[0]/Type;engine/F100-PW-229.xml;local-name(/*);lookup(engine_type_enum);;;turbine_engine;turbine;ok
f16;/Product/Propulsion/Engine[0]/ThrusterModel;aircraft/f16/f16.xml;thruster/@file;direct;;;direct;direct;ok
f16;/Product/Propulsion/Engine[0]/ThrusterType;engine/direct.xml;local-name(/*);lookup(thruster_type_enum);;;direct;direct;ok
f16;/Product/Propulsion/Engine[0]/SourceFile;aircraft/f16/f16.xml;@file;resolve_ref->path;;;F100-PW-229;engine/F100-PW-229.xml;ok
f16;/Product/FuelStorage/Tank[0]/FuelType;aircraft/f16/f16.xml;type/text();direct;;;;;missing_optional
f16;/Product/FuelStorage/Tank[0]/Capacity;aircraft/f16/f16.xml;capacity/text();unit_convert(LBS->KG);LBS;KG;3486;1581.223002;ok
f16;/Product/FuelStorage/Tank[0]/Contents;aircraft/f16/f16.xml;contents/text();unit_convert(LBS->KG);LBS;KG;1500;680.388555;ok
f16;/Product/FuelStorage/Tank[1]/FuelType;aircraft/f16/f16.xml;type/text();direct;;;;;missing_optional
f16;/Product/FuelStorage/Tank[1]/Capacity;aircraft/f16/f16.xml;capacity/text();unit_convert(LBS->KG);LBS;KG;3486;1581.223002;ok
f16;/Product/FuelStorage/Tank[1]/Contents;aircraft/f16/f16.xml;contents/text();unit_convert(LBS->KG);LBS;KG;1500;680.388555;ok
f16;/Product/FuelStorage/Tank[2]/FuelType;aircraft/f16/f16.xml;type/text();direct;;;;;missing_optional
f16;/Product/FuelStorage/Tank[2]/Capacity;aircraft/f16/f16.xml;capacity/text();unit_convert(LBS->KG);LBS;KG;2991;1356.694779;ok
f16;/Product/FuelStorage/Tank[2]/Contents;aircraft/f16/f16.xml;contents/text();unit_convert(LBS->KG);LBS;KG;0;0.0;ok
f16;/Product/FuelStorage/Tank[3]/FuelType;aircraft/f16/f16.xml;type/text();direct;;;;;missing_optional
f16;/Product/FuelStorage/Tank[3]/Capacity;aircraft/f16/f16.xml;capacity/text();unit_convert(LBS->KG);LBS;KG;2991;1356.694779;ok
f16;/Product/FuelStorage/Tank[3]/Contents;aircraft/f16/f16.xml;contents/text();unit_convert(LBS->KG);LBS;KG;0;0.0;ok
f16;/Product/ContactPoints/ContactPoint[0]/Name;aircraft/f16/f16.xml;@name;direct;;;NOSE_LG;NOSE_LG;ok
f16;/Product/ContactPoints/ContactPoint[0]/Type;aircraft/f16/f16.xml;@type;direct;;;BOGEY;BOGEY;ok
f16;/Product/ContactPoints/ContactPoint[0]/Retractable;aircraft/f16/f16.xml;retractable/text();direct;;;1;True;ok
f16;/Product/ContactPoints/ContactPoint[1]/Name;aircraft/f16/f16.xml;@name;direct;;;LEFT_MLG;LEFT_MLG;ok
f16;/Product/ContactPoints/ContactPoint[1]/Type;aircraft/f16/f16.xml;@type;direct;;;BOGEY;BOGEY;ok
f16;/Product/ContactPoints/ContactPoint[1]/Retractable;aircraft/f16/f16.xml;retractable/text();direct;;;1;True;ok
f16;/Product/ContactPoints/ContactPoint[2]/Name;aircraft/f16/f16.xml;@name;direct;;;RIGHT_MLG;RIGHT_MLG;ok
f16;/Product/ContactPoints/ContactPoint[2]/Type;aircraft/f16/f16.xml;@type;direct;;;BOGEY;BOGEY;ok
f16;/Product/ContactPoints/ContactPoint[2]/Retractable;aircraft/f16/f16.xml;retractable/text();direct;;;1;True;ok
f16;/Product/ContactPoints/ContactPoint[3]/Name;aircraft/f16/f16.xml;@name;direct;;;LEFT_WT;LEFT_WT;ok
f16;/Product/ContactPoints/ContactPoint[3]/Type;aircraft/f16/f16.xml;@type;direct;;;STRUCTURE;STRUCTURE;ok
f16;/Product/ContactPoints/ContactPoint[3]/Retractable;aircraft/f16/f16.xml;retractable/text();direct;;;;;missing_optional
f16;/Product/ContactPoints/ContactPoint[4]/Name;aircraft/f16/f16.xml;@name;direct;;;RIGHT_WT;RIGHT_WT;ok
f16;/Product/ContactPoints/ContactPoint[4]/Type;aircraft/f16/f16.xml;@type;direct;;;STRUCTURE;STRUCTURE;ok
f16;/Product/ContactPoints/ContactPoint[4]/Retractable;aircraft/f16/f16.xml;retractable/text();direct;;;;;missing_optional
f16;/Product/ContactPoints/ContactPoint[5]/Name;aircraft/f16/f16.xml;@name;direct;;;TOP_VS;TOP_VS;ok
f16;/Product/ContactPoints/ContactPoint[5]/Type;aircraft/f16/f16.xml;@type;direct;;;STRUCTURE;STRUCTURE;ok
f16;/Product/ContactPoints/ContactPoint[5]/Retractable;aircraft/f16/f16.xml;retractable/text();direct;;;;;missing_optional
f16;/Product/ContactPoints/ContactPoint[6]/Name;aircraft/f16/f16.xml;@name;direct;;;LEFT_VFT;LEFT_VFT;ok
f16;/Product/ContactPoints/ContactPoint[6]/Type;aircraft/f16/f16.xml;@type;direct;;;STRUCTURE;STRUCTURE;ok
f16;/Product/ContactPoints/ContactPoint[6]/Retractable;aircraft/f16/f16.xml;retractable/text();direct;;;;;missing_optional
f16;/Product/ContactPoints/ContactPoint[7]/Name;aircraft/f16/f16.xml;@name;direct;;;RIGHT_VFT;RIGHT_VFT;ok
f16;/Product/ContactPoints/ContactPoint[7]/Type;aircraft/f16/f16.xml;@type;direct;;;STRUCTURE;STRUCTURE;ok
f16;/Product/ContactPoints/ContactPoint[7]/Retractable;aircraft/f16/f16.xml;retractable/text();direct;;;;;missing_optional
f16;/Product/ContactPoints/ContactPoint[8]/Name;aircraft/f16/f16.xml;@name;direct;;;INTAKE;INTAKE;ok
f16;/Product/ContactPoints/ContactPoint[8]/Type;aircraft/f16/f16.xml;@type;direct;;;STRUCTURE;STRUCTURE;ok
f16;/Product/ContactPoints/ContactPoint[8]/Retractable;aircraft/f16/f16.xml;retractable/text();direct;;;;;missing_optional
f16;/Product/ContactPoints/ContactPoint[9]/Name;aircraft/f16/f16.xml;@name;direct;;;RADOME;RADOME;ok
f16;/Product/ContactPoints/ContactPoint[9]/Type;aircraft/f16/f16.xml;@type;direct;;;STRUCTURE;STRUCTURE;ok
f16;/Product/ContactPoints/ContactPoint[9]/Retractable;aircraft/f16/f16.xml;retractable/text();direct;;;;;missing_optional
f16;/Product/Systems/System[0]/Name;aircraft/f16/f16.xml;@name;direct;;;;;default_used
f16;/Product/Systems/System[0]/Kind;aircraft/f16/f16.xml;local-name(.);direct;;;system;system;ok
f16;/Product/Systems/System[0]/SourceFile;aircraft/f16/f16.xml;@file;direct;;;pushback;pushback;ok
f16;/Product/Systems/System[1]/Name;aircraft/f16/f16.xml;@name;direct;;;;;default_used
f16;/Product/Systems/System[1]/Kind;aircraft/f16/f16.xml;local-name(.);direct;;;system;system;ok
f16;/Product/Systems/System[1]/SourceFile;aircraft/f16/f16.xml;@file;direct;;;hook;hook;ok
f16;/Product/Systems/System[2]/Name;aircraft/f16/f16.xml;@name;direct;;;F-16 FC;F-16 FC;ok
f16;/Product/Systems/System[2]/Kind;aircraft/f16/f16.xml;local-name(.);direct;;;flight_control;flight_control;ok
f16;/Product/Systems/System[2]/SourceFile;aircraft/f16/f16.xml;@file;direct;;;;;missing_optional
p51d;/Product/Identity/ProductId;;;derive:vehicle_id;;;;p51d;ok
p51d;/Product/Identity/Name;aircraft/p51d/p51d.xml;/fdm_config/@name;trim;;;P-51D (JSBSim);P-51D (JSBSim);ok
p51d;/Product/Identity/Category;;;derive:category_override;;;;aircraft;ok
p51d;/Product/Identity/Description;aircraft/p51d/p51d.xml;/fdm_config/fileheader/description/text();trim;;;Advanced model of P-51D fighter (Beta);Advanced model of P-51D fighter (Beta);ok
p51d;/Product/Dimensions/WingArea;aircraft/p51d/p51d.xml;/fdm_config/metrics/wingarea/text();unit_convert(FT2->M2);FT2;M2;235;21.832214;ok
p51d;/Product/Dimensions/WingSpan;aircraft/p51d/p51d.xml;/fdm_config/metrics/wingspan/text();unit_convert(FT->M);FT;M;37.1;11.30808;ok
p51d;/Product/Dimensions/Chord;aircraft/p51d/p51d.xml;/fdm_config/metrics/chord/text();unit_convert(FT->M);FT;M;6.6;2.01168;ok
p51d;/Product/Dimensions/HorizontalTailArea;aircraft/p51d/p51d.xml;/fdm_config/metrics/htailarea/text();unit_convert(FT2->M2);FT2;M2;41;3.809025;ok
p51d;/Product/Dimensions/VerticalTailArea;aircraft/p51d/p51d.xml;/fdm_config/metrics/vtailarea/text();unit_convert(FT2->M2);FT2;M2;20;1.858061;ok
p51d;/Product/Mass/EmptyWeight;aircraft/p51d/p51d.xml;/fdm_config/mass_balance/emptywt/text();unit_convert(LBS->KG);LBS;KG;7125;3231.845636;ok
p51d;/Product/Mass/MomentOfInertia/Ixx;aircraft/p51d/p51d.xml;/fdm_config/mass_balance/ixx/text();unit_convert(SLUG*FT2->KG*M2);SLUG*FT2;KG*M2;8031;10888.573956;ok
p51d;/Product/Mass/MomentOfInertia/Iyy;aircraft/p51d/p51d.xml;/fdm_config/mass_balance/iyy/text();unit_convert(SLUG*FT2->KG*M2);SLUG*FT2;KG*M2;9274;12573.855668;ok
p51d;/Product/Mass/MomentOfInertia/Izz;aircraft/p51d/p51d.xml;/fdm_config/mass_balance/izz/text();unit_convert(SLUG*FT2->KG*M2);SLUG*FT2;KG*M2;14547;19723.083719;ok
p51d;/Product/Mass/CenterOfGravity/x;aircraft/p51d/p51d.xml;/fdm_config/mass_balance/location[@name='CG']/x/text();unit_convert(IN->M);IN;M;96.5;2.4511;ok
p51d;/Product/Mass/CenterOfGravity/y;aircraft/p51d/p51d.xml;/fdm_config/mass_balance/location[@name='CG']/y/text();unit_convert(IN->M);IN;M;0;0.0;ok
p51d;/Product/Mass/CenterOfGravity/z;aircraft/p51d/p51d.xml;/fdm_config/mass_balance/location[@name='CG']/z/text();unit_convert(IN->M);IN;M;-9;-0.2286;ok
p51d;/Product/PerformanceData/HasAerodynamicsModel;aircraft/p51d/p51d.xml;boolean(/fdm_config/aerodynamics);direct;;;true;True;ok
p51d;/Product/PerformanceData/AxisCount;aircraft/p51d/p51d.xml;count(/fdm_config/aerodynamics/axis);direct;;;6.0;6;ok
p51d;/Product/PerformanceData/FunctionCount;aircraft/p51d/p51d.xml;count(/fdm_config/aerodynamics//function);direct;;;33.0;33;ok
p51d;/Product/PerformanceData/AlphaLimits/Min;aircraft/p51d/p51d.xml;/fdm_config/aerodynamics/alphalimits/min/text();direct;;;;;missing_optional
p51d;/Product/PerformanceData/AlphaLimits/Max;aircraft/p51d/p51d.xml;/fdm_config/aerodynamics/alphalimits/max/text();direct;;;;;missing_optional
p51d;/Product/SourceMetadata/SourceFormat;;;constant;;;;JSBSim-ML;ok
p51d;/Product/SourceMetadata/SourceRepository;;;constant;;;;https://github.com/JSBSim-Team/jsbsim;ok
p51d;/Product/SourceMetadata/SourceCommit;;;constant;;;;506773ad3790a5a621445631613faf51a15284e7;ok
p51d;/Product/SourceMetadata/SourceMasterFile;;;derive:source_master_path;;;;aircraft/p51d/p51d.xml;ok
p51d;/Product/SourceMetadata/License;;;constant;;;;"LGPL-2.1 (depot JSBSim) ; donnees de simulation, non certifiees constructeur ; voir datasets/jsbsim_reference/README.md";ok
p51d;/Product/SourceMetadata/ExtractedAt;;;derive:run_timestamp;;;;2026-09-12T22:28:57+00:00;ok
p51d;/Product/SourceMetadata/ResolutionStatus;;;derive:resolution_status;;;;complete;ok
p51d;/Product/Propulsion/Engine[0]/Model;aircraft/p51d/p51d.xml;@file;direct;;;Packard-V-1650-7;Packard-V-1650-7;ok
p51d;/Product/Propulsion/Engine[0]/Type;aircraft/p51d/Engines/Packard-V-1650-7.xml;local-name(/*);lookup(engine_type_enum);;;piston_engine;piston;ok
p51d;/Product/Propulsion/Engine[0]/ThrusterModel;aircraft/p51d/p51d.xml;thruster/@file;direct;;;P51prop;P51prop;ok
p51d;/Product/Propulsion/Engine[0]/ThrusterType;aircraft/p51d/Engines/P51prop.xml;local-name(/*);lookup(thruster_type_enum);;;propeller;propeller;ok
p51d;/Product/Propulsion/Engine[0]/SourceFile;aircraft/p51d/p51d.xml;@file;resolve_ref->path;;;Packard-V-1650-7;aircraft/p51d/Engines/Packard-V-1650-7.xml;ok
p51d;/Product/FuelStorage/Tank[0]/FuelType;aircraft/p51d/p51d.xml;type/text();direct;;;;;missing_optional
p51d;/Product/FuelStorage/Tank[0]/Capacity;aircraft/p51d/p51d.xml;capacity/text();unit_convert(LBS->KG);LBS;KG;607.21;275.425823;ok
p51d;/Product/FuelStorage/Tank[0]/Contents;aircraft/p51d/p51d.xml;contents/text();unit_convert(LBS->KG);LBS;KG;396;179.622579;ok
p51d;/Product/FuelStorage/Tank[1]/FuelType;aircraft/p51d/p51d.xml;type/text();direct;;;;;missing_optional
p51d;/Product/FuelStorage/Tank[1]/Capacity;aircraft/p51d/p51d.xml;capacity/text();unit_convert(LBS->KG);LBS;KG;607.21;275.425823;ok
p51d;/Product/FuelStorage/Tank[1]/Contents;aircraft/p51d/p51d.xml;contents/text();unit_convert(LBS->KG);LBS;KG;396;179.622579;ok
p51d;/Product/FuelStorage/Tank[2]/FuelType;aircraft/p51d/p51d.xml;type/text();direct;;;;;missing_optional
p51d;/Product/FuelStorage/Tank[2]/Capacity;aircraft/p51d/p51d.xml;capacity/text();unit_convert(LBS->KG);LBS;KG;561;254.46532;ok
p51d;/Product/FuelStorage/Tank[2]/Contents;aircraft/p51d/p51d.xml;contents/text();unit_convert(LBS->KG);LBS;KG;0;0.0;ok
p51d;/Product/FuelStorage/Tank[3]/FuelType;aircraft/p51d/p51d.xml;type/text();direct;;;;;missing_optional
p51d;/Product/FuelStorage/Tank[3]/Capacity;aircraft/p51d/p51d.xml;capacity/text();unit_convert(LBS->KG);LBS;KG;495;224.528223;ok
p51d;/Product/FuelStorage/Tank[3]/Contents;aircraft/p51d/p51d.xml;contents/text();unit_convert(LBS->KG);LBS;KG;0;0.0;ok
p51d;/Product/FuelStorage/Tank[4]/FuelType;aircraft/p51d/p51d.xml;type/text();direct;;;;;missing_optional
p51d;/Product/FuelStorage/Tank[4]/Capacity;aircraft/p51d/p51d.xml;capacity/text();unit_convert(LBS->KG);LBS;KG;495;224.528223;ok
p51d;/Product/FuelStorage/Tank[4]/Contents;aircraft/p51d/p51d.xml;contents/text();unit_convert(LBS->KG);LBS;KG;0;0.0;ok
p51d;/Product/ContactPoints/ContactPoint[0]/Name;aircraft/p51d/p51d.xml;@name;direct;;;LEFT_MLG;LEFT_MLG;ok
p51d;/Product/ContactPoints/ContactPoint[0]/Type;aircraft/p51d/p51d.xml;@type;direct;;;BOGEY;BOGEY;ok
p51d;/Product/ContactPoints/ContactPoint[0]/Retractable;aircraft/p51d/p51d.xml;retractable/text();direct;;;1;True;ok
p51d;/Product/ContactPoints/ContactPoint[1]/Name;aircraft/p51d/p51d.xml;@name;direct;;;RIGHT_MLG;RIGHT_MLG;ok
p51d;/Product/ContactPoints/ContactPoint[1]/Type;aircraft/p51d/p51d.xml;@type;direct;;;BOGEY;BOGEY;ok
p51d;/Product/ContactPoints/ContactPoint[1]/Retractable;aircraft/p51d/p51d.xml;retractable/text();direct;;;1;True;ok
p51d;/Product/ContactPoints/ContactPoint[2]/Name;aircraft/p51d/p51d.xml;@name;direct;;;TAIL_LG;TAIL_LG;ok
p51d;/Product/ContactPoints/ContactPoint[2]/Type;aircraft/p51d/p51d.xml;@type;direct;;;BOGEY;BOGEY;ok
p51d;/Product/ContactPoints/ContactPoint[2]/Retractable;aircraft/p51d/p51d.xml;retractable/text();direct;;;1;True;ok
p51d;/Product/ContactPoints/ContactPoint[3]/Name;aircraft/p51d/p51d.xml;@name;direct;;;LEFT_WING_TIP;LEFT_WING_TIP;ok
p51d;/Product/ContactPoints/ContactPoint[3]/Type;aircraft/p51d/p51d.xml;@type;direct;;;STRUCTURE;STRUCTURE;ok
p51d;/Product/ContactPoints/ContactPoint[3]/Retractable;aircraft/p51d/p51d.xml;retractable/text();direct;;;;;missing_optional
p51d;/Product/ContactPoints/ContactPoint[4]/Name;aircraft/p51d/p51d.xml;@name;direct;;;RIGHT_WING_TIP;RIGHT_WING_TIP;ok
p51d;/Product/ContactPoints/ContactPoint[4]/Type;aircraft/p51d/p51d.xml;@type;direct;;;STRUCTURE;STRUCTURE;ok
p51d;/Product/ContactPoints/ContactPoint[4]/Retractable;aircraft/p51d/p51d.xml;retractable/text();direct;;;;;missing_optional
p51d;/Product/ContactPoints/ContactPoint[5]/Name;aircraft/p51d/p51d.xml;@name;direct;;;TAIL_BOTTOM;TAIL_BOTTOM;ok
p51d;/Product/ContactPoints/ContactPoint[5]/Type;aircraft/p51d/p51d.xml;@type;direct;;;STRUCTURE;STRUCTURE;ok
p51d;/Product/ContactPoints/ContactPoint[5]/Retractable;aircraft/p51d/p51d.xml;retractable/text();direct;;;;;missing_optional
p51d;/Product/ContactPoints/ContactPoint[6]/Name;aircraft/p51d/p51d.xml;@name;direct;;;TAIL_TOP;TAIL_TOP;ok
p51d;/Product/ContactPoints/ContactPoint[6]/Type;aircraft/p51d/p51d.xml;@type;direct;;;STRUCTURE;STRUCTURE;ok
p51d;/Product/ContactPoints/ContactPoint[6]/Retractable;aircraft/p51d/p51d.xml;retractable/text();direct;;;;;missing_optional
p51d;/Product/ContactPoints/ContactPoint[7]/Name;aircraft/p51d/p51d.xml;@name;direct;;;NOSE_BOTTOM;NOSE_BOTTOM;ok
p51d;/Product/ContactPoints/ContactPoint[7]/Type;aircraft/p51d/p51d.xml;@type;direct;;;STRUCTURE;STRUCTURE;ok
p51d;/Product/ContactPoints/ContactPoint[7]/Retractable;aircraft/p51d/p51d.xml;retractable/text();direct;;;;;missing_optional
p51d;/Product/ContactPoints/ContactPoint[8]/Name;aircraft/p51d/p51d.xml;@name;direct;;;NOSE_TOP;NOSE_TOP;ok
p51d;/Product/ContactPoints/ContactPoint[8]/Type;aircraft/p51d/p51d.xml;@type;direct;;;STRUCTURE;STRUCTURE;ok
p51d;/Product/ContactPoints/ContactPoint[8]/Retractable;aircraft/p51d/p51d.xml;retractable/text();direct;;;;;missing_optional
p51d;/Product/ContactPoints/ContactPoint[9]/Name;aircraft/p51d/p51d.xml;@name;direct;;;CANOPY;CANOPY;ok
p51d;/Product/ContactPoints/ContactPoint[9]/Type;aircraft/p51d/p51d.xml;@type;direct;;;STRUCTURE;STRUCTURE;ok
p51d;/Product/ContactPoints/ContactPoint[9]/Retractable;aircraft/p51d/p51d.xml;retractable/text();direct;;;;;missing_optional
p51d;/Product/ContactPoints/ContactPoint[10]/Name;aircraft/p51d/p51d.xml;@name;direct;;;BELLY;BELLY;ok
p51d;/Product/ContactPoints/ContactPoint[10]/Type;aircraft/p51d/p51d.xml;@type;direct;;;STRUCTURE;STRUCTURE;ok
p51d;/Product/ContactPoints/ContactPoint[10]/Retractable;aircraft/p51d/p51d.xml;retractable/text();direct;;;;;missing_optional
p51d;/Product/ContactPoints/ContactPoint[11]/Name;aircraft/p51d/p51d.xml;@name;direct;;;DOG_HOUSE;DOG_HOUSE;ok
p51d;/Product/ContactPoints/ContactPoint[11]/Type;aircraft/p51d/p51d.xml;@type;direct;;;STRUCTURE;STRUCTURE;ok
p51d;/Product/ContactPoints/ContactPoint[11]/Retractable;aircraft/p51d/p51d.xml;retractable/text();direct;;;;;missing_optional
p51d;/Product/ContactPoints/ContactPoint[12]/Name;aircraft/p51d/p51d.xml;@name;direct;;;PROP_BOTTOM;PROP_BOTTOM;ok
p51d;/Product/ContactPoints/ContactPoint[12]/Type;aircraft/p51d/p51d.xml;@type;direct;;;STRUCTURE;STRUCTURE;ok
p51d;/Product/ContactPoints/ContactPoint[12]/Retractable;aircraft/p51d/p51d.xml;retractable/text();direct;;;;;missing_optional
p51d;/Product/ContactPoints/ContactPoint[13]/Name;aircraft/p51d/p51d.xml;@name;direct;;;PROP_TOP;PROP_TOP;ok
p51d;/Product/ContactPoints/ContactPoint[13]/Type;aircraft/p51d/p51d.xml;@type;direct;;;STRUCTURE;STRUCTURE;ok
p51d;/Product/ContactPoints/ContactPoint[13]/Retractable;aircraft/p51d/p51d.xml;retractable/text();direct;;;;;missing_optional
p51d;/Product/ContactPoints/ContactPoint[14]/Name;aircraft/p51d/p51d.xml;@name;direct;;;PROP_LEFT;PROP_LEFT;ok
p51d;/Product/ContactPoints/ContactPoint[14]/Type;aircraft/p51d/p51d.xml;@type;direct;;;STRUCTURE;STRUCTURE;ok
p51d;/Product/ContactPoints/ContactPoint[14]/Retractable;aircraft/p51d/p51d.xml;retractable/text();direct;;;;;missing_optional
p51d;/Product/ContactPoints/ContactPoint[15]/Name;aircraft/p51d/p51d.xml;@name;direct;;;PROP_RIGHT;PROP_RIGHT;ok
p51d;/Product/ContactPoints/ContactPoint[15]/Type;aircraft/p51d/p51d.xml;@type;direct;;;STRUCTURE;STRUCTURE;ok
p51d;/Product/ContactPoints/ContactPoint[15]/Retractable;aircraft/p51d/p51d.xml;retractable/text();direct;;;;;missing_optional
p51d;/Product/Systems/System[0]/Name;aircraft/p51d/p51d.xml;@name;direct;;;;;default_used
p51d;/Product/Systems/System[0]/Kind;aircraft/p51d/p51d.xml;local-name(.);direct;;;system;system;ok
p51d;/Product/Systems/System[0]/SourceFile;aircraft/p51d/p51d.xml;@file;direct;;;propulsion;propulsion;ok
p51d;/Product/Systems/System[1]/Name;aircraft/p51d/p51d.xml;@name;direct;;;;;default_used
p51d;/Product/Systems/System[1]/Kind;aircraft/p51d/p51d.xml;local-name(.);direct;;;system;system;ok
p51d;/Product/Systems/System[1]/SourceFile;aircraft/p51d/p51d.xml;@file;direct;;;autothrottle;autothrottle;ok
p51d;/Product/Systems/System[2]/Name;aircraft/p51d/p51d.xml;@name;direct;;;;;default_used
p51d;/Product/Systems/System[2]/Kind;aircraft/p51d/p51d.xml;local-name(.);direct;;;system;system;ok
p51d;/Product/Systems/System[2]/SourceFile;aircraft/p51d/p51d.xml;@file;direct;;;mixture-control;mixture-control;ok
p51d;/Product/Systems/System[3]/Name;aircraft/p51d/p51d.xml;@name;direct;;;;;default_used
p51d;/Product/Systems/System[3]/Kind;aircraft/p51d/p51d.xml;local-name(.);direct;;;system;system;ok
p51d;/Product/Systems/System[3]/SourceFile;aircraft/p51d/p51d.xml;@file;direct;;;alpha-buffet;alpha-buffet;ok
p51d;/Product/Systems/System[4]/Name;aircraft/p51d/p51d.xml;@name;direct;;;;;default_used
p51d;/Product/Systems/System[4]/Kind;aircraft/p51d/p51d.xml;local-name(.);direct;;;system;system;ok
p51d;/Product/Systems/System[4]/SourceFile;aircraft/p51d/p51d.xml;@file;direct;;;crash-detect;crash-detect;ok
p51d;/Product/Systems/System[5]/Name;aircraft/p51d/p51d.xml;@name;direct;;;;;default_used
p51d;/Product/Systems/System[5]/Kind;aircraft/p51d/p51d.xml;local-name(.);direct;;;system;system;ok
p51d;/Product/Systems/System[5]/SourceFile;aircraft/p51d/p51d.xml;@file;direct;;;electrical;electrical;ok
p51d;/Product/Systems/System[6]/Name;aircraft/p51d/p51d.xml;@name;direct;;;;;default_used
p51d;/Product/Systems/System[6]/Kind;aircraft/p51d/p51d.xml;local-name(.);direct;;;system;system;ok
p51d;/Product/Systems/System[6]/SourceFile;aircraft/p51d/p51d.xml;@file;direct;;;compressability;compressability;ok
p51d;/Product/Systems/System[7]/Name;aircraft/p51d/p51d.xml;@name;direct;;;;;default_used
p51d;/Product/Systems/System[7]/Kind;aircraft/p51d/p51d.xml;local-name(.);direct;;;system;system;ok
p51d;/Product/Systems/System[7]/SourceFile;aircraft/p51d/p51d.xml;@file;direct;;;weapons-weight;weapons-weight;ok
p51d;/Product/Systems/System[8]/Name;aircraft/p51d/p51d.xml;@name;direct;;;FCS: P51D;FCS: P51D;ok
p51d;/Product/Systems/System[8]/Kind;aircraft/p51d/p51d.xml;local-name(.);direct;;;flight_control;flight_control;ok
p51d;/Product/Systems/System[8]/SourceFile;aircraft/p51d/p51d.xml;@file;direct;;;;;missing_optional
paraglider;/Product/Identity/ProductId;;;derive:vehicle_id;;;;paraglider;ok
paraglider;/Product/Identity/Name;aircraft/paraglider/paraglider.xml;/fdm_config/@name;trim;;;paraglider;paraglider;ok
paraglider;/Product/Identity/Category;;;derive:category_override;;;;aircraft;ok
paraglider;/Product/Identity/Description;aircraft/paraglider/paraglider.xml;/fdm_config/fileheader/description/text();trim;;;(Powered) Paraglider;(Powered) Paraglider;ok
paraglider;/Product/Dimensions/WingArea;aircraft/paraglider/paraglider.xml;/fdm_config/metrics/wingarea/text();unit_convert(FT2->M2);FT2;M2;220;20.438669;ok
paraglider;/Product/Dimensions/WingSpan;aircraft/paraglider/paraglider.xml;/fdm_config/metrics/wingspan/text();unit_convert(FT->M);FT;M;29;8.8392;ok
paraglider;/Product/Dimensions/Chord;aircraft/paraglider/paraglider.xml;/fdm_config/metrics/chord/text();unit_convert(FT->M);FT;M;7;2.1336;ok
paraglider;/Product/Dimensions/HorizontalTailArea;aircraft/paraglider/paraglider.xml;/fdm_config/metrics/htailarea/text();unit_convert(FT2->M2);FT2;M2;1;0.092903;ok
paraglider;/Product/Dimensions/VerticalTailArea;aircraft/paraglider/paraglider.xml;/fdm_config/metrics/vtailarea/text();unit_convert(FT2->M2);FT2;M2;1;0.092903;ok
paraglider;/Product/Mass/EmptyWeight;aircraft/paraglider/paraglider.xml;/fdm_config/mass_balance/emptywt/text();unit_convert(LBS->KG);LBS;KG;10;4.535924;ok
paraglider;/Product/Mass/MomentOfInertia/Ixx;aircraft/paraglider/paraglider.xml;/fdm_config/mass_balance/ixx/text();unit_convert(SLUG*FT2->KG*M2);SLUG*FT2;KG*M2;1.703;2.308958;ok
paraglider;/Product/Mass/MomentOfInertia/Iyy;aircraft/paraglider/paraglider.xml;/fdm_config/mass_balance/iyy/text();unit_convert(SLUG*FT2->KG*M2);SLUG*FT2;KG*M2;1.898;2.573342;ok
paraglider;/Product/Mass/MomentOfInertia/Izz;aircraft/paraglider/paraglider.xml;/fdm_config/mass_balance/izz/text();unit_convert(SLUG*FT2->KG*M2);SLUG*FT2;KG*M2;1.360;1.843912;ok
paraglider;/Product/Mass/CenterOfGravity/x;aircraft/paraglider/paraglider.xml;/fdm_config/mass_balance/location[@name='CG']/x/text();unit_convert(IN->M);IN;M;0;0.0;ok
paraglider;/Product/Mass/CenterOfGravity/y;aircraft/paraglider/paraglider.xml;/fdm_config/mass_balance/location[@name='CG']/y/text();unit_convert(IN->M);IN;M;0;0.0;ok
paraglider;/Product/Mass/CenterOfGravity/z;aircraft/paraglider/paraglider.xml;/fdm_config/mass_balance/location[@name='CG']/z/text();unit_convert(IN->M);IN;M;0;0.0;ok
paraglider;/Product/PerformanceData/HasAerodynamicsModel;aircraft/paraglider/paraglider.xml;boolean(/fdm_config/aerodynamics);direct;;;true;True;ok
paraglider;/Product/PerformanceData/AxisCount;aircraft/paraglider/paraglider.xml;count(/fdm_config/aerodynamics/axis);direct;;;6.0;6;ok
paraglider;/Product/PerformanceData/FunctionCount;aircraft/paraglider/paraglider.xml;count(/fdm_config/aerodynamics//function);direct;;;22.0;22;ok
paraglider;/Product/PerformanceData/AlphaLimits/Min;aircraft/paraglider/paraglider.xml;/fdm_config/aerodynamics/alphalimits/min/text();direct;;;;;missing_optional
paraglider;/Product/PerformanceData/AlphaLimits/Max;aircraft/paraglider/paraglider.xml;/fdm_config/aerodynamics/alphalimits/max/text();direct;;;;;missing_optional
paraglider;/Product/SourceMetadata/SourceFormat;;;constant;;;;JSBSim-ML;ok
paraglider;/Product/SourceMetadata/SourceRepository;;;constant;;;;https://github.com/JSBSim-Team/jsbsim;ok
paraglider;/Product/SourceMetadata/SourceCommit;;;constant;;;;506773ad3790a5a621445631613faf51a15284e7;ok
paraglider;/Product/SourceMetadata/SourceMasterFile;;;derive:source_master_path;;;;aircraft/paraglider/paraglider.xml;ok
paraglider;/Product/SourceMetadata/License;;;constant;;;;"LGPL-2.1 (depot JSBSim) ; donnees de simulation, non certifiees constructeur ; voir datasets/jsbsim_reference/README.md";ok
paraglider;/Product/SourceMetadata/ExtractedAt;;;derive:run_timestamp;;;;2026-09-12T22:28:57+00:00;ok
paraglider;/Product/SourceMetadata/ResolutionStatus;;;derive:resolution_status;;;;complete;ok
paraglider;/Product/Propulsion/Engine[0]/Model;aircraft/paraglider/paraglider.xml;@file;direct;;;Polini_THOR80;Polini_THOR80;ok
paraglider;/Product/Propulsion/Engine[0]/Type;aircraft/paraglider/Engines/Polini_THOR80.xml;local-name(/*);lookup(engine_type_enum);;;piston_engine;piston;ok
paraglider;/Product/Propulsion/Engine[0]/ThrusterModel;aircraft/paraglider/paraglider.xml;thruster/@file;direct;;;DT_Propeller;DT_Propeller;ok
paraglider;/Product/Propulsion/Engine[0]/ThrusterType;aircraft/paraglider/Engines/DT_Propeller.xml;local-name(/*);lookup(thruster_type_enum);;;propeller;propeller;ok
paraglider;/Product/Propulsion/Engine[0]/SourceFile;aircraft/paraglider/paraglider.xml;@file;resolve_ref->path;;;Polini_THOR80;aircraft/paraglider/Engines/Polini_THOR80.xml;ok
paraglider;/Product/FuelStorage/Tank[0]/FuelType;aircraft/paraglider/paraglider.xml;type/text();direct;;;;;missing_optional
paraglider;/Product/FuelStorage/Tank[0]/Capacity;aircraft/paraglider/paraglider.xml;capacity/text();unit_convert(LBS->KG);LBS;KG;3.5;1.587573;ok
paraglider;/Product/FuelStorage/Tank[0]/Contents;aircraft/paraglider/paraglider.xml;contents/text();unit_convert(LBS->KG);LBS;KG;1.0;0.453592;ok
paraglider;/Product/ContactPoints/ContactPoint[0]/Name;aircraft/paraglider/paraglider.xml;@name;direct;;;LMLG;LMLG;ok
paraglider;/Product/ContactPoints/ContactPoint[0]/Type;aircraft/paraglider/paraglider.xml;@type;direct;;;BOGEY;BOGEY;ok
paraglider;/Product/ContactPoints/ContactPoint[0]/Retractable;aircraft/paraglider/paraglider.xml;retractable/text();direct;;;0;False;ok
paraglider;/Product/ContactPoints/ContactPoint[1]/Name;aircraft/paraglider/paraglider.xml;@name;direct;;;RMLG;RMLG;ok
paraglider;/Product/ContactPoints/ContactPoint[1]/Type;aircraft/paraglider/paraglider.xml;@type;direct;;;BOGEY;BOGEY;ok
paraglider;/Product/ContactPoints/ContactPoint[1]/Retractable;aircraft/paraglider/paraglider.xml;retractable/text();direct;;;0;False;ok
paraglider;/Product/Systems/System[0]/Name;aircraft/paraglider/paraglider.xml;@name;direct;;;;;default_used
paraglider;/Product/Systems/System[0]/Kind;aircraft/paraglider/paraglider.xml;local-name(.);direct;;;system;system;ok
paraglider;/Product/Systems/System[0]/SourceFile;aircraft/paraglider/paraglider.xml;@file;direct;;;Controls.xml;Controls.xml;ok
paraglider;/Product/Systems/System[1]/Name;aircraft/paraglider/paraglider.xml;@name;direct;;;FCS: paraglider_FCS;FCS: paraglider_FCS;ok
paraglider;/Product/Systems/System[1]/Kind;aircraft/paraglider/paraglider.xml;local-name(.);direct;;;flight_control;flight_control;ok
paraglider;/Product/Systems/System[1]/SourceFile;aircraft/paraglider/paraglider.xml;@file;direct;;;;;missing_optional
weather-balloon;/Product/Identity/ProductId;;;derive:vehicle_id;;;;weather-balloon;ok
weather-balloon;/Product/Identity/Name;aircraft/weather-balloon/weather-balloon.xml;/fdm_config/@name;trim;;;Weather Balloon;Weather Balloon;ok
weather-balloon;/Product/Identity/Category;;;derive:category_override;;;;lighter-than-air;ok
weather-balloon;/Product/Identity/Description;aircraft/weather-balloon/weather-balloon.xml;/fdm_config/fileheader/description/text();trim;;;Models a 6-foot weather balloon.;Models a 6-foot weather balloon.;ok
weather-balloon;/Product/Dimensions/WingArea;aircraft/weather-balloon/weather-balloon.xml;/fdm_config/metrics/wingarea/text();unit_convert(FT2->M2);FT2;M2;9.8;0.91045;ok
weather-balloon;/Product/Dimensions/WingSpan;aircraft/weather-balloon/weather-balloon.xml;/fdm_config/metrics/wingspan/text();unit_convert(FT->M);FT;M;6.2;1.88976;ok
weather-balloon;/Product/Dimensions/Chord;aircraft/weather-balloon/weather-balloon.xml;/fdm_config/metrics/chord/text();unit_convert(FT->M);FT;M;6.2;1.88976;ok
weather-balloon;/Product/Dimensions/HorizontalTailArea;aircraft/weather-balloon/weather-balloon.xml;/fdm_config/metrics/htailarea/text();unit_convert(FT2->M2);FT2;M2;0;0.0;ok
weather-balloon;/Product/Dimensions/VerticalTailArea;aircraft/weather-balloon/weather-balloon.xml;/fdm_config/metrics/vtailarea/text();unit_convert(FT2->M2);FT2;M2;0;0.0;ok
weather-balloon;/Product/Mass/EmptyWeight;aircraft/weather-balloon/weather-balloon.xml;/fdm_config/mass_balance/emptywt/text();unit_convert(KG->KG);KG;KG;0.8;0.8;ok
weather-balloon;/Product/Mass/MomentOfInertia/Ixx;aircraft/weather-balloon/weather-balloon.xml;/fdm_config/mass_balance/ixx/text();unit_convert(SLUG*FT2->KG*M2);SLUG*FT2;KG*M2;1.0;1.355818;ok
weather-balloon;/Product/Mass/MomentOfInertia/Iyy;aircraft/weather-balloon/weather-balloon.xml;/fdm_config/mass_balance/iyy/text();unit_convert(SLUG*FT2->KG*M2);SLUG*FT2;KG*M2;1.0;1.355818;ok
weather-balloon;/Product/Mass/MomentOfInertia/Izz;aircraft/weather-balloon/weather-balloon.xml;/fdm_config/mass_balance/izz/text();unit_convert(SLUG*FT2->KG*M2);SLUG*FT2;KG*M2;1.0;1.355818;ok
weather-balloon;/Product/Mass/CenterOfGravity/x;aircraft/weather-balloon/weather-balloon.xml;/fdm_config/mass_balance/location[@name='CG']/x/text();unit_convert(IN->M);IN;M;0.0;0.0;ok
weather-balloon;/Product/Mass/CenterOfGravity/y;aircraft/weather-balloon/weather-balloon.xml;/fdm_config/mass_balance/location[@name='CG']/y/text();unit_convert(IN->M);IN;M;0.0;0.0;ok
weather-balloon;/Product/Mass/CenterOfGravity/z;aircraft/weather-balloon/weather-balloon.xml;/fdm_config/mass_balance/location[@name='CG']/z/text();unit_convert(IN->M);IN;M;0.0;0.0;ok
weather-balloon;/Product/PerformanceData/HasAerodynamicsModel;aircraft/weather-balloon/weather-balloon.xml;boolean(/fdm_config/aerodynamics);direct;;;true;True;ok
weather-balloon;/Product/PerformanceData/AxisCount;aircraft/weather-balloon/weather-balloon.xml;count(/fdm_config/aerodynamics/axis);direct;;;4.0;4;ok
weather-balloon;/Product/PerformanceData/FunctionCount;aircraft/weather-balloon/weather-balloon.xml;count(/fdm_config/aerodynamics//function);direct;;;12.0;12;ok
weather-balloon;/Product/PerformanceData/AlphaLimits/Min;aircraft/weather-balloon/weather-balloon.xml;/fdm_config/aerodynamics/alphalimits/min/text();direct;;;;;missing_optional
weather-balloon;/Product/PerformanceData/AlphaLimits/Max;aircraft/weather-balloon/weather-balloon.xml;/fdm_config/aerodynamics/alphalimits/max/text();direct;;;;;missing_optional
weather-balloon;/Product/SourceMetadata/SourceFormat;;;constant;;;;JSBSim-ML;ok
weather-balloon;/Product/SourceMetadata/SourceRepository;;;constant;;;;https://github.com/JSBSim-Team/jsbsim;ok
weather-balloon;/Product/SourceMetadata/SourceCommit;;;constant;;;;506773ad3790a5a621445631613faf51a15284e7;ok
weather-balloon;/Product/SourceMetadata/SourceMasterFile;;;derive:source_master_path;;;;aircraft/weather-balloon/weather-balloon.xml;ok
weather-balloon;/Product/SourceMetadata/License;;;constant;;;;"LGPL-2.1 (depot JSBSim) ; donnees de simulation, non certifiees constructeur ; voir datasets/jsbsim_reference/README.md";ok
weather-balloon;/Product/SourceMetadata/ExtractedAt;;;derive:run_timestamp;;;;2026-09-12T22:28:57+00:00;ok
weather-balloon;/Product/SourceMetadata/ResolutionStatus;;;derive:resolution_status;;;;complete;ok
weather-balloon;/Product/ContactPoints/ContactPoint[0]/Name;aircraft/weather-balloon/weather-balloon.xml;@name;direct;;;Default;Default;ok
weather-balloon;/Product/ContactPoints/ContactPoint[0]/Type;aircraft/weather-balloon/weather-balloon.xml;@type;direct;;;STRUCTURE;STRUCTURE;ok
weather-balloon;/Product/ContactPoints/ContactPoint[0]/Retractable;aircraft/weather-balloon/weather-balloon.xml;retractable/text();direct;;;;;missing_optional
weather-balloon;/Product/Systems/System[0]/Name;aircraft/weather-balloon/weather-balloon.xml;@name;direct;;;FCS: Sounding Balloon;FCS: Sounding Balloon;ok
weather-balloon;/Product/Systems/System[0]/Kind;aircraft/weather-balloon/weather-balloon.xml;local-name(.);direct;;;flight_control;flight_control;ok
weather-balloon;/Product/Systems/System[0]/SourceFile;aircraft/weather-balloon/weather-balloon.xml;@file;direct;;;;;missing_optional
wrightFlyer1903;/Product/Identity/ProductId;;;derive:vehicle_id;;;;wrightFlyer1903;ok
wrightFlyer1903;/Product/Identity/Name;aircraft/wrightFlyer1903/wrightFlyer1903.xml;/fdm_config/@name;trim;;;wrightFlyer1903;wrightFlyer1903;ok
wrightFlyer1903;/Product/Identity/Category;;;derive:category_override;;;;aircraft;ok
wrightFlyer1903;/Product/Identity/Description;aircraft/wrightFlyer1903/wrightFlyer1903.xml;/fdm_config/fileheader/description/text();trim;;;Models the 1903 Wright Flyer.;Models the 1903 Wright Flyer.;ok
wrightFlyer1903;/Product/Dimensions/WingArea;aircraft/wrightFlyer1903/wrightFlyer1903.xml;/fdm_config/metrics/wingarea/text();unit_convert(FT2->M2);FT2;M2;510.00;47.38055;ok
wrightFlyer1903;/Product/Dimensions/WingSpan;aircraft/wrightFlyer1903/wrightFlyer1903.xml;/fdm_config/metrics/wingspan/text();unit_convert(FT->M);FT;M;40.33;12.292584;ok
wrightFlyer1903;/Product/Dimensions/Chord;aircraft/wrightFlyer1903/wrightFlyer1903.xml;/fdm_config/metrics/chord/text();unit_convert(FT->M);FT;M;6.20;1.88976;ok
wrightFlyer1903;/Product/Dimensions/HorizontalTailArea;aircraft/wrightFlyer1903/wrightFlyer1903.xml;/fdm_config/metrics/htailarea/text();unit_convert(FT2->M2);FT2;M2;48.00;4.459346;ok
wrightFlyer1903;/Product/Dimensions/VerticalTailArea;aircraft/wrightFlyer1903/wrightFlyer1903.xml;/fdm_config/metrics/vtailarea/text();unit_convert(FT2->M2);FT2;M2;20.00;1.858061;ok
wrightFlyer1903;/Product/Mass/EmptyWeight;aircraft/wrightFlyer1903/wrightFlyer1903.xml;/fdm_config/mass_balance/emptywt/text();unit_convert(LBS->KG);LBS;KG;435;197.312681;ok
wrightFlyer1903;/Product/Mass/MomentOfInertia/Ixx;aircraft/wrightFlyer1903/wrightFlyer1903.xml;/fdm_config/mass_balance/ixx/text();unit_convert(SLUG*FT2->KG*M2);SLUG*FT2;KG*M2;1318;1786.968058;ok
wrightFlyer1903;/Product/Mass/MomentOfInertia/Iyy;aircraft/wrightFlyer1903/wrightFlyer1903.xml;/fdm_config/mass_balance/iyy/text();unit_convert(SLUG*FT2->KG*M2);SLUG*FT2;KG*M2;271;367.426664;ok
wrightFlyer1903;/Product/Mass/MomentOfInertia/Izz;aircraft/wrightFlyer1903/wrightFlyer1903.xml;/fdm_config/mass_balance/izz/text();unit_convert(SLUG*FT2->KG*M2);SLUG*FT2;KG*M2;1343;1820.863507;ok
wrightFlyer1903;/Product/Mass/CenterOfGravity/x;aircraft/wrightFlyer1903/wrightFlyer1903.xml;/fdm_config/mass_balance/location[@name='CG']/x/text();unit_convert(IN->M);IN;M;0.0;0.0;ok
wrightFlyer1903;/Product/Mass/CenterOfGravity/y;aircraft/wrightFlyer1903/wrightFlyer1903.xml;/fdm_config/mass_balance/location[@name='CG']/y/text();unit_convert(IN->M);IN;M;0.0;0.0;ok
wrightFlyer1903;/Product/Mass/CenterOfGravity/z;aircraft/wrightFlyer1903/wrightFlyer1903.xml;/fdm_config/mass_balance/location[@name='CG']/z/text();unit_convert(IN->M);IN;M;-23.0;-0.5842;ok
wrightFlyer1903;/Product/PerformanceData/HasAerodynamicsModel;aircraft/wrightFlyer1903/wrightFlyer1903.xml;boolean(/fdm_config/aerodynamics);direct;;;true;True;ok
wrightFlyer1903;/Product/PerformanceData/AxisCount;aircraft/wrightFlyer1903/wrightFlyer1903.xml;count(/fdm_config/aerodynamics/axis);direct;;;6.0;6;ok
wrightFlyer1903;/Product/PerformanceData/FunctionCount;aircraft/wrightFlyer1903/wrightFlyer1903.xml;count(/fdm_config/aerodynamics//function);direct;;;21.0;21;ok
wrightFlyer1903;/Product/PerformanceData/AlphaLimits/Min;aircraft/wrightFlyer1903/wrightFlyer1903.xml;/fdm_config/aerodynamics/alphalimits/min/text();direct;;;;;missing_optional
wrightFlyer1903;/Product/PerformanceData/AlphaLimits/Max;aircraft/wrightFlyer1903/wrightFlyer1903.xml;/fdm_config/aerodynamics/alphalimits/max/text();direct;;;;;missing_optional
wrightFlyer1903;/Product/SourceMetadata/SourceFormat;;;constant;;;;JSBSim-ML;ok
wrightFlyer1903;/Product/SourceMetadata/SourceRepository;;;constant;;;;https://github.com/JSBSim-Team/jsbsim;ok
wrightFlyer1903;/Product/SourceMetadata/SourceCommit;;;constant;;;;506773ad3790a5a621445631613faf51a15284e7;ok
wrightFlyer1903;/Product/SourceMetadata/SourceMasterFile;;;derive:source_master_path;;;;aircraft/wrightFlyer1903/wrightFlyer1903.xml;ok
wrightFlyer1903;/Product/SourceMetadata/License;;;constant;;;;"LGPL-2.1 (depot JSBSim) ; donnees de simulation, non certifiees constructeur ; voir datasets/jsbsim_reference/README.md";ok
wrightFlyer1903;/Product/SourceMetadata/ExtractedAt;;;derive:run_timestamp;;;;2026-09-12T22:28:57+00:00;ok
wrightFlyer1903;/Product/SourceMetadata/ResolutionStatus;;;derive:resolution_status;;;;complete;ok
wrightFlyer1903;/Product/Propulsion/Engine[0]/Model;aircraft/wrightFlyer1903/wrightFlyer1903.xml;@file;direct;;;wright1903_engine;wright1903_engine;ok
wrightFlyer1903;/Product/Propulsion/Engine[0]/Type;engine/wright1903_engine.xml;local-name(/*);lookup(engine_type_enum);;;piston_engine;piston;ok
wrightFlyer1903;/Product/Propulsion/Engine[0]/ThrusterModel;aircraft/wrightFlyer1903/wrightFlyer1903.xml;thruster/@file;direct;;;wright1903_propellers;wright1903_propellers;ok
wrightFlyer1903;/Product/Propulsion/Engine[0]/ThrusterType;engine/wright1903_propellers.xml;local-name(/*);lookup(thruster_type_enum);;;propeller;propeller;ok
wrightFlyer1903;/Product/Propulsion/Engine[0]/SourceFile;aircraft/wrightFlyer1903/wrightFlyer1903.xml;@file;resolve_ref->path;;;wright1903_engine;engine/wright1903_engine.xml;ok
wrightFlyer1903;/Product/FuelStorage/Tank[0]/FuelType;aircraft/wrightFlyer1903/wrightFlyer1903.xml;type/text();direct;;;;;missing_optional
wrightFlyer1903;/Product/FuelStorage/Tank[0]/Capacity;aircraft/wrightFlyer1903/wrightFlyer1903.xml;capacity/text();unit_convert(LBS->KG);LBS;KG;1.375;0.62369;ok
wrightFlyer1903;/Product/FuelStorage/Tank[0]/Contents;aircraft/wrightFlyer1903/wrightFlyer1903.xml;contents/text();unit_convert(LBS->KG);LBS;KG;1.00;0.453592;ok
wrightFlyer1903;/Product/ContactPoints/ContactPoint[0]/Name;aircraft/wrightFlyer1903/wrightFlyer1903.xml;@name;direct;;;LEFT_FRONT_MAIN;LEFT_FRONT_MAIN;ok
wrightFlyer1903;/Product/ContactPoints/ContactPoint[0]/Type;aircraft/wrightFlyer1903/wrightFlyer1903.xml;@type;direct;;;BOGEY;BOGEY;ok
wrightFlyer1903;/Product/ContactPoints/ContactPoint[0]/Retractable;aircraft/wrightFlyer1903/wrightFlyer1903.xml;retractable/text();direct;;;1;True;ok
wrightFlyer1903;/Product/ContactPoints/ContactPoint[1]/Name;aircraft/wrightFlyer1903/wrightFlyer1903.xml;@name;direct;;;RIGHT_FRONT_MAIN;RIGHT_FRONT_MAIN;ok
wrightFlyer1903;/Product/ContactPoints/ContactPoint[1]/Type;aircraft/wrightFlyer1903/wrightFlyer1903.xml;@type;direct;;;BOGEY;BOGEY;ok
wrightFlyer1903;/Product/ContactPoints/ContactPoint[1]/Retractable;aircraft/wrightFlyer1903/wrightFlyer1903.xml;retractable/text();direct;;;1;True;ok
wrightFlyer1903;/Product/ContactPoints/ContactPoint[2]/Name;aircraft/wrightFlyer1903/wrightFlyer1903.xml;@name;direct;;;LEFT_REAR_MAIN;LEFT_REAR_MAIN;ok
wrightFlyer1903;/Product/ContactPoints/ContactPoint[2]/Type;aircraft/wrightFlyer1903/wrightFlyer1903.xml;@type;direct;;;BOGEY;BOGEY;ok
wrightFlyer1903;/Product/ContactPoints/ContactPoint[2]/Retractable;aircraft/wrightFlyer1903/wrightFlyer1903.xml;retractable/text();direct;;;1;True;ok
wrightFlyer1903;/Product/ContactPoints/ContactPoint[3]/Name;aircraft/wrightFlyer1903/wrightFlyer1903.xml;@name;direct;;;RIGHT_REAR_MAIN;RIGHT_REAR_MAIN;ok
wrightFlyer1903;/Product/ContactPoints/ContactPoint[3]/Type;aircraft/wrightFlyer1903/wrightFlyer1903.xml;@type;direct;;;BOGEY;BOGEY;ok
wrightFlyer1903;/Product/ContactPoints/ContactPoint[3]/Retractable;aircraft/wrightFlyer1903/wrightFlyer1903.xml;retractable/text();direct;;;1;True;ok
wrightFlyer1903;/Product/ContactPoints/ContactPoint[4]/Name;aircraft/wrightFlyer1903/wrightFlyer1903.xml;@name;direct;;;LEFT_SKID;LEFT_SKID;ok
wrightFlyer1903;/Product/ContactPoints/ContactPoint[4]/Type;aircraft/wrightFlyer1903/wrightFlyer1903.xml;@type;direct;;;STRUCTURE;STRUCTURE;ok
wrightFlyer1903;/Product/ContactPoints/ContactPoint[4]/Retractable;aircraft/wrightFlyer1903/wrightFlyer1903.xml;retractable/text();direct;;;;;missing_optional
wrightFlyer1903;/Product/ContactPoints/ContactPoint[5]/Name;aircraft/wrightFlyer1903/wrightFlyer1903.xml;@name;direct;;;RIGHT_SKID;RIGHT_SKID;ok
wrightFlyer1903;/Product/ContactPoints/ContactPoint[5]/Type;aircraft/wrightFlyer1903/wrightFlyer1903.xml;@type;direct;;;STRUCTURE;STRUCTURE;ok
wrightFlyer1903;/Product/ContactPoints/ContactPoint[5]/Retractable;aircraft/wrightFlyer1903/wrightFlyer1903.xml;retractable/text();direct;;;;;missing_optional
wrightFlyer1903;/Product/ContactPoints/ContactPoint[6]/Name;aircraft/wrightFlyer1903/wrightFlyer1903.xml;@name;direct;;;NOSE;NOSE;ok
wrightFlyer1903;/Product/ContactPoints/ContactPoint[6]/Type;aircraft/wrightFlyer1903/wrightFlyer1903.xml;@type;direct;;;STRUCTURE;STRUCTURE;ok
wrightFlyer1903;/Product/ContactPoints/ContactPoint[6]/Retractable;aircraft/wrightFlyer1903/wrightFlyer1903.xml;retractable/text();direct;;;;;missing_optional
wrightFlyer1903;/Product/ContactPoints/ContactPoint[7]/Name;aircraft/wrightFlyer1903/wrightFlyer1903.xml;@name;direct;;;TAIL;TAIL;ok
wrightFlyer1903;/Product/ContactPoints/ContactPoint[7]/Type;aircraft/wrightFlyer1903/wrightFlyer1903.xml;@type;direct;;;STRUCTURE;STRUCTURE;ok
wrightFlyer1903;/Product/ContactPoints/ContactPoint[7]/Retractable;aircraft/wrightFlyer1903/wrightFlyer1903.xml;retractable/text();direct;;;;;missing_optional
wrightFlyer1903;/Product/ContactPoints/ContactPoint[8]/Name;aircraft/wrightFlyer1903/wrightFlyer1903.xml;@name;direct;;;LEFT_UPPER_WING;LEFT_UPPER_WING;ok
wrightFlyer1903;/Product/ContactPoints/ContactPoint[8]/Type;aircraft/wrightFlyer1903/wrightFlyer1903.xml;@type;direct;;;STRUCTURE;STRUCTURE;ok
wrightFlyer1903;/Product/ContactPoints/ContactPoint[8]/Retractable;aircraft/wrightFlyer1903/wrightFlyer1903.xml;retractable/text();direct;;;;;missing_optional
wrightFlyer1903;/Product/ContactPoints/ContactPoint[9]/Name;aircraft/wrightFlyer1903/wrightFlyer1903.xml;@name;direct;;;RIGHT_UPPER_WING;RIGHT_UPPER_WING;ok
wrightFlyer1903;/Product/ContactPoints/ContactPoint[9]/Type;aircraft/wrightFlyer1903/wrightFlyer1903.xml;@type;direct;;;STRUCTURE;STRUCTURE;ok
wrightFlyer1903;/Product/ContactPoints/ContactPoint[9]/Retractable;aircraft/wrightFlyer1903/wrightFlyer1903.xml;retractable/text();direct;;;;;missing_optional
wrightFlyer1903;/Product/ContactPoints/ContactPoint[10]/Name;aircraft/wrightFlyer1903/wrightFlyer1903.xml;@name;direct;;;LEFT_LOWER_WING;LEFT_LOWER_WING;ok
wrightFlyer1903;/Product/ContactPoints/ContactPoint[10]/Type;aircraft/wrightFlyer1903/wrightFlyer1903.xml;@type;direct;;;STRUCTURE;STRUCTURE;ok
wrightFlyer1903;/Product/ContactPoints/ContactPoint[10]/Retractable;aircraft/wrightFlyer1903/wrightFlyer1903.xml;retractable/text();direct;;;;;missing_optional
wrightFlyer1903;/Product/ContactPoints/ContactPoint[11]/Name;aircraft/wrightFlyer1903/wrightFlyer1903.xml;@name;direct;;;RIGHT_LOWER_WING;RIGHT_LOWER_WING;ok
wrightFlyer1903;/Product/ContactPoints/ContactPoint[11]/Type;aircraft/wrightFlyer1903/wrightFlyer1903.xml;@type;direct;;;STRUCTURE;STRUCTURE;ok
wrightFlyer1903;/Product/ContactPoints/ContactPoint[11]/Retractable;aircraft/wrightFlyer1903/wrightFlyer1903.xml;retractable/text();direct;;;;;missing_optional
wrightFlyer1903;/Product/Systems/System[0]/Name;aircraft/wrightFlyer1903/wrightFlyer1903.xml;@name;direct;;;FCS: unnamed;FCS: unnamed;ok
wrightFlyer1903;/Product/Systems/System[0]/Kind;aircraft/wrightFlyer1903/wrightFlyer1903.xml;local-name(.);direct;;;flight_control;flight_control;ok
wrightFlyer1903;/Product/Systems/System[0]/SourceFile;aircraft/wrightFlyer1903/wrightFlyer1903.xml;@file;direct;;;;;missing_optional
x24b;/Product/Identity/ProductId;;;derive:vehicle_id;;;;x24b;ok
x24b;/Product/Identity/Name;aircraft/x24b/x24b.xml;/fdm_config/@name;trim;;;X-24B;X-24B;ok
x24b;/Product/Identity/Category;;;derive:category_override;;;;spacecraft;ok
x24b;/Product/Identity/Description;aircraft/x24b/x24b.xml;/fdm_config/fileheader/description/text();trim;;;X-24B research aircraft;X-24B research aircraft;ok
x24b;/Product/Dimensions/WingArea;aircraft/x24b/x24b.xml;/fdm_config/metrics/wingarea/text();unit_convert(FT2->M2);FT2;M2;330.5;30.704455;ok
x24b;/Product/Dimensions/WingSpan;aircraft/x24b/x24b.xml;/fdm_config/metrics/wingspan/text();unit_convert(FT->M);FT;M;19;5.7912;ok
x24b;/Product/Dimensions/Chord;aircraft/x24b/x24b.xml;/fdm_config/metrics/chord/text();unit_convert(FT->M);FT;M;37.5;11.43;ok
x24b;/Product/Dimensions/HorizontalTailArea;aircraft/x24b/x24b.xml;/fdm_config/metrics/htailarea/text();unit_convert(FT2->M2);FT2;M2;0;0.0;ok
x24b;/Product/Dimensions/VerticalTailArea;aircraft/x24b/x24b.xml;/fdm_config/metrics/vtailarea/text();unit_convert(FT2->M2);FT2;M2;0;0.0;ok
x24b;/Product/Mass/EmptyWeight;aircraft/x24b/x24b.xml;/fdm_config/mass_balance/emptywt/text();unit_convert(LBS->KG);LBS;KG;8500;3855.535145;ok
x24b;/Product/Mass/MomentOfInertia/Ixx;aircraft/x24b/x24b.xml;/fdm_config/mass_balance/ixx/text();unit_convert(SLUG*FT2->KG*M2);SLUG*FT2;KG*M2;2650;3592.917568;ok
x24b;/Product/Mass/MomentOfInertia/Iyy;aircraft/x24b/x24b.xml;/fdm_config/mass_balance/iyy/text();unit_convert(SLUG*FT2->KG*M2);SLUG*FT2;KG*M2;23710;32146.443595;ok
x24b;/Product/Mass/MomentOfInertia/Izz;aircraft/x24b/x24b.xml;/fdm_config/mass_balance/izz/text();unit_convert(SLUG*FT2->KG*M2);SLUG*FT2;KG*M2;24120;32702.328954;ok
x24b;/Product/Mass/CenterOfGravity/x;aircraft/x24b/x24b.xml;/fdm_config/mass_balance/location[@name='CG']/x/text();unit_convert(IN->M);IN;M;288;7.3152;ok
x24b;/Product/Mass/CenterOfGravity/y;aircraft/x24b/x24b.xml;/fdm_config/mass_balance/location[@name='CG']/y/text();unit_convert(IN->M);IN;M;0;0.0;ok
x24b;/Product/Mass/CenterOfGravity/z;aircraft/x24b/x24b.xml;/fdm_config/mass_balance/location[@name='CG']/z/text();unit_convert(IN->M);IN;M;0;0.0;ok
x24b;/Product/PerformanceData/HasAerodynamicsModel;aircraft/x24b/x24b.xml;boolean(/fdm_config/aerodynamics);direct;;;true;True;ok
x24b;/Product/PerformanceData/AxisCount;aircraft/x24b/x24b.xml;count(/fdm_config/aerodynamics/axis);direct;;;6.0;6;ok
x24b;/Product/PerformanceData/FunctionCount;aircraft/x24b/x24b.xml;count(/fdm_config/aerodynamics//function);direct;;;20.0;20;ok
x24b;/Product/PerformanceData/AlphaLimits/Min;aircraft/x24b/x24b.xml;/fdm_config/aerodynamics/alphalimits/min/text();direct;;;;;missing_optional
x24b;/Product/PerformanceData/AlphaLimits/Max;aircraft/x24b/x24b.xml;/fdm_config/aerodynamics/alphalimits/max/text();direct;;;;;missing_optional
x24b;/Product/SourceMetadata/SourceFormat;;;constant;;;;JSBSim-ML;ok
x24b;/Product/SourceMetadata/SourceRepository;;;constant;;;;https://github.com/JSBSim-Team/jsbsim;ok
x24b;/Product/SourceMetadata/SourceCommit;;;constant;;;;506773ad3790a5a621445631613faf51a15284e7;ok
x24b;/Product/SourceMetadata/SourceMasterFile;;;derive:source_master_path;;;;aircraft/x24b/x24b.xml;ok
x24b;/Product/SourceMetadata/License;;;constant;;;;"LGPL-2.1 (depot JSBSim) ; donnees de simulation, non certifiees constructeur ; voir datasets/jsbsim_reference/README.md";ok
x24b;/Product/SourceMetadata/ExtractedAt;;;derive:run_timestamp;;;;2026-09-12T22:28:57+00:00;ok
x24b;/Product/SourceMetadata/ResolutionStatus;;;derive:resolution_status;;;;complete;ok
x24b;/Product/Propulsion/Engine[0]/Model;aircraft/x24b/x24b.xml;@file;direct;;;XLR99;XLR99;ok
x24b;/Product/Propulsion/Engine[0]/Type;engine/XLR99.xml;local-name(/*);lookup(engine_type_enum);;;rocket_engine;rocket;ok
x24b;/Product/Propulsion/Engine[0]/ThrusterModel;aircraft/x24b/x24b.xml;thruster/@file;direct;;;xlr99_nozzle;xlr99_nozzle;ok
x24b;/Product/Propulsion/Engine[0]/ThrusterType;engine/xlr99_nozzle.xml;local-name(/*);lookup(thruster_type_enum);;;nozzle;nozzle;ok
x24b;/Product/Propulsion/Engine[0]/SourceFile;aircraft/x24b/x24b.xml;@file;resolve_ref->path;;;XLR99;engine/XLR99.xml;ok
x24b;/Product/FuelStorage/Tank[0]/FuelType;aircraft/x24b/x24b.xml;type/text();direct;;;;;missing_optional
x24b;/Product/FuelStorage/Tank[0]/Capacity;aircraft/x24b/x24b.xml;capacity/text();unit_convert(LBS->KG);LBS;KG;2800;1270.058636;ok
x24b;/Product/FuelStorage/Tank[0]/Contents;aircraft/x24b/x24b.xml;contents/text();unit_convert(LBS->KG);LBS;KG;2800;1270.058636;ok
x24b;/Product/FuelStorage/Tank[1]/FuelType;aircraft/x24b/x24b.xml;type/text();direct;;;;;missing_optional
x24b;/Product/FuelStorage/Tank[1]/Capacity;aircraft/x24b/x24b.xml;capacity/text();unit_convert(LBS->KG);LBS;KG;2500;1133.980925;ok
x24b;/Product/FuelStorage/Tank[1]/Contents;aircraft/x24b/x24b.xml;contents/text();unit_convert(LBS->KG);LBS;KG;2500;1133.980925;ok
x24b;/Product/ContactPoints/ContactPoint[0]/Name;aircraft/x24b/x24b.xml;@name;direct;;;NOSE;NOSE;ok
x24b;/Product/ContactPoints/ContactPoint[0]/Type;aircraft/x24b/x24b.xml;@type;direct;;;BOGEY;BOGEY;ok
x24b;/Product/ContactPoints/ContactPoint[0]/Retractable;aircraft/x24b/x24b.xml;retractable/text();direct;;;0;False;ok
x24b;/Product/ContactPoints/ContactPoint[1]/Name;aircraft/x24b/x24b.xml;@name;direct;;;LEFT_SKID;LEFT_SKID;ok
x24b;/Product/ContactPoints/ContactPoint[1]/Type;aircraft/x24b/x24b.xml;@type;direct;;;BOGEY;BOGEY;ok
x24b;/Product/ContactPoints/ContactPoint[1]/Retractable;aircraft/x24b/x24b.xml;retractable/text();direct;;;0;False;ok
x24b;/Product/ContactPoints/ContactPoint[2]/Name;aircraft/x24b/x24b.xml;@name;direct;;;RIGHT_SKID;RIGHT_SKID;ok
x24b;/Product/ContactPoints/ContactPoint[2]/Type;aircraft/x24b/x24b.xml;@type;direct;;;BOGEY;BOGEY;ok
x24b;/Product/ContactPoints/ContactPoint[2]/Retractable;aircraft/x24b/x24b.xml;retractable/text();direct;;;0;False;ok
x24b;/Product/Systems/System[0]/Name;aircraft/x24b/x24b.xml;@name;direct;;;FCS: X-15 SAS;FCS: X-15 SAS;ok
x24b;/Product/Systems/System[0]/Kind;aircraft/x24b/x24b.xml;local-name(.);direct;;;flight_control;flight_control;ok
x24b;/Product/Systems/System[0]/SourceFile;aircraft/x24b/x24b.xml;@file;direct;;;;;missing_optional
